email,username,city
ddanigel0@nature.com,lweich0,Shuanglu
tatyeo1@prnewswire.com,sbaistow1,Yacheng
fpoulney2@gov.uk,nderby2,Mandōl
akaman3@newsvine.com,reye3,Tumba
ekhomin4@woothemes.com,xvashchenko4,Rustam jo Goth
fvaskov5@joomla.org,ohartshorne5,Gaoqiao
msheard6@yelp.com,crosie6,Doloon
agelletly7@yelp.com,fbidewell7,Castellon De La Plana/Castello De La Pla
fpuller8@rakuten.co.jp,skopje8,Cikuray
tfontell9@miitbeian.gov.cn,apietron9,Bang Yai
kgerretsena@i2i.jp,tbernta,Randuagung
gpowterb@uol.com.br,dsloranceb,Xiashihao
kcroxfordc@canalblog.com,cfeyerc,Hoolt
lyashanovd@huffingtonpost.com,sjosofovitzd,Gaoyao
ecomiskeye@businesswire.com,uleatherborrowe,Kabalo
rtennisonf@soup.io,aneighbourf,Lesnikovo
mwemmg@examiner.com,wemmg,Yongfeng
rwickwarthh@behance.net,mnafzgerh,Jiangwei
dbergstrami@squarespace.com,moswali,Bueng Sam Phan
bizkovitchj@earthlink.net,tscipseyj,Yuandianhui
dneedsk@sciencedaily.com,rlancastlek,Melbourne
gmcduffyl@homestead.com,rpetricekl,Perm
fbevingtonm@google.it,gbeazleym,Girona
bgaltonen@ycombinator.com,ccolegroven,San Martín
mlaceletto@tumblr.com,ckerseyo,Sargatskoye
fkochsp@miibeian.gov.cn,kstranaghanp,Tatsunochō-tominaga
rkupisq@google.it,dmccuthaisq,Can-asujan
jcahanr@ifeng.com,bcockmanr,Trindade
cclaussons@csmonitor.com,moccleshaws,Jönköping
ctucknottt@eepurl.com,hbighamt,Ningmute
rdownhamu@go.com,cbrusselsu,Esperantina
rvannv@a8.net,bdumsdayv,Duy Xuyên
tstlouisw@discovery.com,gmussoliniw,Harar
dkempsterx@privacy.gov.au,drothwellx,Savé
adrivery@quantcast.com,jbearcrofty,Yangxiang
bmcfeatz@google.fr,lhunnz,Xuri
onapier10@amazon.com,jdittson10,Almendra
rbohje11@cisco.com,bwabey11,Mwinilunga
gsteenson12@vkontakte.ru,adoggrell12,Makur
eyesipov13@mlb.com,btakis13,Garland
mrandlesome14@about.com,hgreenrod14,Barice
bjendrys15@webmd.com,ezapater15,Jiangkou
esimmen16@cargocollective.com,aleverington16,Balyaga
acantu17@wp.com,jhawler17,Sochaux
wcopner18@intel.com,gskiplorne18,Charlemagne
rpolglase19@sciencedirect.com,hnevin19,Saint Petersburg
btilling1a@japanpost.jp,ccosely1a,Tambong
dharbisher1b@github.com,gscoyles1b,Fiães
gpeinton1c@fastcompany.com,jkorneichik1c,Noyakert
dblaxter1d@hhs.gov,treck1d,Stepanovićevo
ajohnsey1e@jigsy.com,kmallabone1e,Hodošan
tpatient1f@ifeng.com,lashcroft1f,Jinan
gwards1g@usgs.gov,pgirardot1g,Zhaowu
kstayte1h@vimeo.com,earnhold1h,Cereté
nbattrum1i@e-recht24.de,clabitt1i,Gulou
srapson1j@examiner.com,ntonkes1j,Calabaca
rcollyear1k@icq.com,redeson1k,Baruta
mfeatherstone1l@goo.ne.jp,ewerlock1l,Dalo
tcarlesi1m@dailymotion.com,nlongworth1m,Hongyuan
pgreenstock1n@cbslocal.com,thandy1n,Ustupo
cwyles1o@tripadvisor.com,tmiddas1o,Madoi
dmashro1p@mit.edu,vsugg1p,Dungon
bpettecrew1q@sohu.com,kbrahmer1q,Ouijjane
rdoelle1r@si.edu,rpatria1r,Thabazimbi
adigance1s@intel.com,dtoft1s,Maredakalada
aeldrett1t@360.cn,bseear1t,Białobrzegi
hmainson1u@eventbrite.com,cgapper1u,Lanjaghbyur
areeson1v@army.mil,avoelker1v,Daxi
ecambell1w@qq.com,jtenby1w,Itaparica
ggueste1x@example.com,ucristou1x,Cerca la Source
lsailor1y@google.co.uk,nkiendl1y,Wenci
cwhatmough1z@msn.com,rprestage1z,Lintan Chengguanzhen
hleijs20@opensource.org,drostron20,Sidi Bouzid
atimperley21@angelfire.com,mbaddow21,Avelinha
sprandini22@comsenz.com,rmcjerrow22,Frederico Westphalen
jcallum23@behance.net,pstote23,Samut Songkhram
dhughman24@mail.ru,gcaton24,Khyzy
blanglais25@smugmug.com,tpotte25,Songshan
gmacririe26@guardian.co.uk,gioannou26,Eslöv
jattarge27@hugedomains.com,ahillborne27,Vila Viçosa
rrosenbaum28@archive.org,jmendus28,Verkhniye Achaluki
acreswell29@abc.net.au,mhowsley29,Kazlų Rūda
bagett2a@yahoo.com,bvivash2a,Platagata
gpiwell2b@hud.gov,atropman2b,Kokotów
emullin2c@umn.edu,kmichiel2c,Malāyer
jbrandi2d@constantcontact.com,gdeantoni2d,São Mateus do Maranhão
tsimenel2e@parallels.com,aboggs2e,Des Moines
gkirkhouse2f@clickbank.net,sbibb2f,Xinshi
ptresise2g@unicef.org,smidford2g,Rudong
cbootyman2h@jigsy.com,hjecock2h,Ma’an
cmariel2i@toplist.cz,hdancey2i,Gagarawa
vbailles2j@networkadvertising.org,bcansdell2j,Nariño
cfrude2k@who.int,obendan2k,Merton
kmoses2l@diigo.com,dturle2l,Tam Kỳ
trawstorne2m@scientificamerican.com,cnisbith2m,Wanshi
vslowgrove2n@seattletimes.com,rpes2n,Tamontaka
ogasnoll2o@digg.com,mderham2o,Dessalines
wschroder2p@latimes.com,lduiged2p,San Rafael
lstickels2q@zimbio.com,jquarry2q,Marseille
kcops2r@tripadvisor.com,pbarnaclough2r,Murowana Goślina
asammut2s@nature.com,emaestro2s,Udanin
mlefrank2t@usa.gov,lwalburn2t,Kitimat
gwaryk2u@typepad.com,bkinloch2u,Heshui
mnoble2v@yellowpages.com,ckleinpeltz2v,Changlin
ariccio2w@cornell.edu,chalm2w,San Pablo
cstowte2x@sun.com,whuskisson2x,Burgas
jjahn2y@buzzfeed.com,acornish2y,Chum Phae
nhillborne2z@wikipedia.org,mbarter2z,Cruz das Almas
tansty30@economist.com,rbalint30,Agoncillo
cohickey31@nih.gov,mhabeshaw31,Cerro
gsizzey32@ft.com,mmohammed32,Göteborg
cmcgrail33@addthis.com,trouby33,Ngeru
iblackmuir34@hugedomains.com,btabard34,Volodarka
tbythell35@smh.com.au,alehenmann35,Sitangkai
slidbetter36@usgs.gov,rdalbey36,Pulaupinang
shustings37@opensource.org,akeilty37,Stizhkivs’ke
zcomerford38@constantcontact.com,iblackledge38,Makui
jpigeram39@mit.edu,sgerner39,Berea
rdavis3a@wufoo.com,bdoberer3a,Maketu
ycalcutt3b@twitpic.com,ptew3b,Jahāniān Shāh
ddossett3c@hexun.com,iholdren3c,Krayen
mglendinning3d@newyorker.com,tperrott3d,Gonghe
jleng3e@bloomberg.com,alucius3e,Prakhon Chai
ljohnston3f@hatena.ne.jp,glandells3f,Rodolívos
redgeley3g@bravesites.com,bghidelli3g,Talnakh
ymatthieson3h@biglobe.ne.jp,bspiteri3h,Shishan
zalyutin3i@globo.com,btingle3i,Calheta
rlock3j@sciencedirect.com,phackforth3j,Mrganush
kdeeson3k@gov.uk,akimblen3k,Äänekoski
agibbieson3l@feedburner.com,bjankowski3l,Bloemfontein
ascatchar3m@t-online.de,halabone3m,Preston
ahadye3n@who.int,jjaneczek3n,Baisha
aramelot3o@usgs.gov,kdawidowitsch3o,Haizigou
lhaysey3p@fc2.com,mforo3p,Yëlkino
bbyforth3q@wp.com,dspuffard3q,Shajing
etremblot3r@indiatimes.com,bmicklem3r,Ra-ngae
mritchley3s@shareasale.com,fsizzey3s,Guangyubao
ldeyes3t@ca.gov,esherrard3t,Shuvakish
mbowker3u@cafepress.com,acreboe3u,Chã Grande
fflemming3v@deviantart.com,mobee3v,Cipancur
llakenden3w@auda.org.au,gstuehmeier3w,Jalanbaru
brydings3x@technorati.com,pglazzard3x,Shatalovo
tbootland3y@apache.org,nbrilleman3y,Alexandroúpoli
mpetracci3z@seesaa.net,bmogridge3z,Saýat
hcapron40@themeforest.net,ezupo40,Bagé
pingall41@house.gov,acragoe41,Currais Novos
nwandrack42@ow.ly,mtantrum42,Gongchenqiao
wrubrow43@google.it,kellum43,Chelu
alynett44@ihg.com,spickworth44,Sa Pá
edonnachie45@tiny.cc,dchillistone45,Antrukan
bgolding46@soup.io,vsalvage46,Pasirjengkol
bcrotch47@ycombinator.com,acoulman47,Jadi
aanyon48@free.fr,cfearney48,Châu Thành
ecreasy49@ning.com,mhuster49,Los Cedrales
ktregiddo4a@amazon.co.jp,bhalson4a,Ar Rumaythah
ojobke4b@issuu.com,ebayston4b,Cholargós
pguiraud4c@goo.gl,mvillaret4c,Guarapuava
achisolm4d@wikimedia.org,lvezey4d,Changfu
rpellatt4e@si.edu,jpinner4e,Vila Verde
ckindley4f@oakley.com,mnorcott4f,San Salvador
atrayton4g@fda.gov,cingram4g,Xingou
crisbridger4h@exblog.jp,aretallick4h,Shijing
depine4i@issuu.com,tboston4i,Mengenkrajan
vshubotham4j@geocities.com,tmcneish4j,Karpogory
eklejna4k@shinystat.com,ckebbell4k,Prokhladnyy
epinchbeck4l@photobucket.com,slowcock4l,Kuaro
fprys4m@yellowbook.com,thakeworth4m,Landi Kotal
ebenbough4n@sfgate.com,bgeroldo4n,Kawangkoan
kparzis4o@prlog.org,claurenz4o,Topeka
fnorthen4p@patch.com,btruckell4p,Fernández
ysinton4q@umn.edu,tdoumic4q,Banjing
mposvner4r@ftc.gov,mogborn4r,Jingdang
cbrockton4s@tripadvisor.com,dlivezey4s,Huanren
hpaolo4t@unblog.fr,jrubartelli4t,Chợ Mới
cparadise4u@multiply.com,ctorrance4u,Duzhou
dbedell4v@yolasite.com,lwick4v,Shihua
vbener4w@eepurl.com,ygommes4w,Jiazhuang
abrumpton4x@economist.com,apressnell4x,Ipoh
dreimer4y@sitemeter.com,osimpkins4y,Fukura
utesseyman4z@github.com,fpymar4z,Viļāni
mgindghill50@free.fr,nhaworth50,Kirkton
cdevey51@go.com,spietrzyk51,Standerton
bredborn52@angelfire.com,bheathcote52,Kuytun
tbrusle53@dion.ne.jp,ibrack53,Nizhniy Kurkuzhin
swelchman54@msn.com,vpurveys54,Pithári
cpardy55@bravesites.com,tlaval55,Tokuyama
mwallbutton56@statcounter.com,lcoggin56,Pueblo Nuevo
tcoggin57@blogger.com,mluberto57,Saint-Dié-des-Vosges
mboadby58@google.com.au,rfuzzard58,Lebak
acardoo59@yellowbook.com,jwisher59,San Martin
olockyear5a@comcast.net,ttorres5a,Barinitas
ljentle5b@over-blog.com,cguyan5b,Ust’-Katav
candrysek5c@fema.gov,ifawltey5c,Lianyi
erowesby5d@eventbrite.com,dspores5d,Maroúsi
qhumbert5e@house.gov,sclitherow5e,Zhosaly
rdeverick5f@odnoklassniki.ru,agiraths5f,Malaga
mdavidov5g@princeton.edu,woldaker5g,Trakan Phut Phon
cswyndley5h@netscape.com,dpowling5h,Cergy-Pontoise
cblabie5i@dell.com,abassano5i,‘Anjarah
tscallan5j@ameblo.jp,hleal5j,El Cairo
jbrislen5k@cam.ac.uk,bhabin5k,Karlskoga
franderson5l@admin.ch,ldeveril5l,El Galpón
bzukierman5m@hp.com,iscreech5m,Dongxin
pmcsporrin5n@unc.edu,mabramson5n,Bastos
bbenham5o@parallels.com,mbamlett5o,Port Nolloth
imuehler5p@ihg.com,astoner5p,Shizukuishi
mmateuszczyk5q@edublogs.org,tfardy5q,Jinanten
jrollins5r@t.co,cshimwell5r,Tundagan
amaccaig5s@plala.or.jp,mraithbie5s,Madamba
rmcmickan5t@umich.edu,dcoggell5t,Shengze
gmucklo5u@nationalgeographic.com,asidry5u,General Conesa
ryacobsohn5v@homestead.com,hgoodin5v,Longzhouwan
abarkshire5w@ucoz.com,mkeggin5w,Belén de los Andaquíes
dmckennan5x@umich.edu,evanthoog5x,Lộc Bình
jfleg5y@slashdot.org,tlease5y,Podgorica
eiacobucci5z@freewebs.com,sgraine5z,Villa Consuelo
smcillroy60@npr.org,jdavidek60,Las Palmas
bskully61@rediff.com,jdanbi61,Pinhais
lskeffington62@example.com,rtourle62,Yegorlykskaya
nfairbourn63@tripadvisor.com,kkeen63,Obroshyne
bghio64@ezinearticles.com,meagell64,Jongorsari
fsparhawk65@cam.ac.uk,slytlle65,Qiziltepa Shahri
bmcgrale66@sina.com.cn,abathowe66,Aeka
mdome67@buzzfeed.com,vvanhaeften67,Lapa do Lobo
wklimt68@goodreads.com,fbattell68,Shiqiao
gaveling69@accuweather.com,lcotilard69,Maltahöhe
kkeirle6a@weibo.com,sgrahl6a,Krzeszów
hshevels6b@example.com,cauger6b,Panao
psydes6c@fda.gov,mlawday6c,Velizh
jmiller6d@cnn.com,kfahy6d,Miharu
xfullilove6e@whitehouse.gov,jguilder6e,Bjärred
agloucester6f@storify.com,jcrissil6f,Zhayang
ckrates6g@opera.com,cirving6g,Zhangfeng
cungerer6h@elegantthemes.com,aennion6h,Sudo
iaistrop6i@amazon.co.jp,kgutowska6i,Cox’s Bāzār
rmessent6j@yahoo.co.jp,mdangerfield6j,Batarasa
rkilford6k@mit.edu,nhancox6k,Tegalrejo
ecaldicot6l@cocolog-nifty.com,rmatuszak6l,Orléans
bkivlehan6m@desdev.cn,bellingham6m,Petaẖ Tiqwa
apaffitt6n@google.de,crawe6n,Toulouse
hshotton6o@hibu.com,ataylder6o,Xilanqi
lblakeman6p@dropbox.com,cwinship6p,Summerland
cbritzius6q@soup.io,kcowpland6q,Yingtan
modhams6r@bluehost.com,jromney6r,Marmashen
blamberton6s@vistaprint.com,wkliemann6s,Caohe
cgummie6t@hao123.com,aburehill6t,Kangaslampi
vhinz6u@purevolume.com,rbuchett6u,Kahuripan
rfalkus6v@umich.edu,rjeggo6v,Pärnu
bdelacoste6w@washingtonpost.com,mschneidar6w,Changtan
spoleykett6x@themeforest.net,graiker6x,Karobokan
fglaze6y@123-reg.co.uk,izecchinelli6y,Rāiwind
jjohnston6z@github.com,olivesey6z,Villanueva
abrunskill70@exblog.jp,jmacgeaney70,Piedade
amerryman71@naver.com,cabeau71,Bitkine
mmenloe72@go.com,fjandak72,Lecheng
eatkins73@earthlink.net,arebbeck73,Dapaong
lodonohue74@cdc.gov,ipetraitis74,Santa Vitória do Palmar
cwhitecross75@drupal.org,tcrut75,Valença
cbartlet76@adobe.com,dschrinel76,Stockholm
afetherston77@army.mil,handrusov77,Chandmanĭ
mhaggarth78@yellowpages.com,scleatherow78,Kamaishi
ccockroft79@discovery.com,alenton79,Padang
hmccleod7a@scribd.com,hvideler7a,Masuguru
rhayhow7b@mit.edu,cratray7b,Dvůr Králové nad Labem
kbadman7c@diigo.com,gcastellan7c,Cheongsong gun
ejohncey7d@discovery.com,vmazzey7d,Morteros
athrasher7e@independent.co.uk,nsnodin7e,Henggang
vuwins7f@dot.gov,jthies7f,Koshigaya
hstickford7g@is.gd,pandrick7g,Köping
dbastable7h@storify.com,jhackworth7h,Радовиш
kgravet7i@storify.com,jbunford7i,Kalmar
fandreix7j@amazon.co.uk,bcouroy7j,Nouvelle France
lambrosoni7k@edublogs.org,cmurkin7k,Innisfil
rscholl7l@who.int,dmeneux7l,Nuing
bnesby7m@tinyurl.com,mweatherburn7m,Ibshawāy
hkarpets7n@mac.com,lsebborn7n,Carmen
bcrumly7o@g.co,vmitchelhill7o,Taivalkoski
khenner7p@accuweather.com,celmar7p,Bucheon-si
nlintill7q@goo.ne.jp,sfarney7q,Fujia
cyearne7r@tmall.com,eriping7r,Velká Polom
rcarnier7s@ifeng.com,hdegliantoni7s,Gubo
bchaman7t@themeforest.net,acornil7t,Panaoti
aaveries7u@clickbank.net,kgodby7u,White Rock
dofford7v@hugedomains.com,jpetrasso7v,Chlumec
shairsnape7w@blogspot.com,tblower7w,Al ‘Aqabah
florenc7x@1und1.de,ckeogh7x,Harstad
lowen7y@cbsnews.com,ttoppes7y,Druzhny
apascow7z@wired.com,sesch7z,Canauay
njuanes80@rakuten.co.jp,gomarkey80,Makin Village
cscrase81@com.com,mdransfield81,Mó
tcarrell82@state.tx.us,wgwilym82,Samara
beblein83@quantcast.com,cdunkerton83,Ocoruro
mtracy84@networksolutions.com,jfredi84,Qiaodi
anerheny85@youku.com,bphilipet85,Sali
htreasaden86@devhub.com,cwindous86,Karoya
tmiguet87@t-online.de,aarmin87,Presidente Bernardes
bleddy88@earthlink.net,lgatland88,Nelson
amilligan89@ftc.gov,aulyet89,Raleigh
abuckthorp8a@exblog.jp,gespinet8a,Kolsh
tsandal8b@techcrunch.com,jgremane8b,Huangji
gmurie8c@japanpost.jp,itummasutti8c,Chajarí
ceunson8d@statcounter.com,nshew8d,Thị Trấn Mỹ Lộc
sorable8e@dell.com,mbrevetor8e,Ledenice
blecointe8f@chron.com,wmuneely8f,Dahua
bizkovitz8g@t.co,wheintzsch8g,Głogówek
cmellows8h@cdc.gov,sbore8h,Kaliterus
namberger8i@berkeley.edu,dfasset8i,Masiga
gdarling8j@nationalgeographic.com,cslora8j,Tosno
alooker8k@answers.com,gwickens8k,Kunjāh
pfairburn8l@mapy.cz,swellbelove8l,Bitanjuan
bcambden8m@etsy.com,gusherwood8m,Borabue
bmcpeice8n@go.com,hcossam8n,Huayuan
esoars8o@usatoday.com,akelloch8o,Javhlant
kleger8p@soundcloud.com,ffredson8p,Saxin
tfalls8q@digg.com,ivenny8q,Fuerte
hbaggot8r@huffingtonpost.com,ssapsford8r,Itzer
gradclyffe8s@goodreads.com,hfucher8s,Châteaurenard
bkelcher8t@cbc.ca,ccharnock8t,Toupi
bleafe8u@huffingtonpost.com,showling8u,Poxin
cwimbury8v@guardian.co.uk,ocommings8v,5 de Mayo
aaxelbee8w@house.gov,cbenfell8w,Vila Verde
vkench8x@comcast.net,bfouldes8x,Fiães
odumphries8y@is.gd,pjezard8y,Kuala Tuha
cskakunas8z@marketwatch.com,akimbell8z,Przywidz
lalderwick90@stumbleupon.com,mmacfaul90,Qijiazuo
trapaport91@buzzfeed.com,rkarlolak91,Uchkulan
blawdham92@amazon.co.jp,wbenedek92,Winston Salem
rfussey93@shop-pro.jp,dgatesman93,Penalva
ddelcastello94@google.co.uk,clampet94,Strzyżowice
dtwoohy95@deliciousdays.com,atestin95,Xizhong
mgrishechkin96@mail.ru,lbrunesco96,Hatavch
wgauntley97@msn.com,lstrut97,Keelung
ugomer98@mozilla.org,salekseicik98,Hernando
cbernlin99@tinypic.com,ssoan99,Butel
csuthren9a@usgs.gov,ledgington9a,Yatunpu
cblyth9b@ehow.com,tvigne9b,Arrën
swarfield9c@cam.ac.uk,cmiskimmon9c,Malhou
kbarry9d@senate.gov,cginsie9d,Antanhol
aderington9e@japanpost.jp,cmansford9e,Wudian
anassie9f@umn.edu,cmyrie9f,Ljungby
bplitz9g@meetup.com,khansbury9g,Kungsbacka
tseven9h@umn.edu,mbenza9h,Szczawno-Zdrój
cgosforth9i@example.com,sgotcher9i,Las Animas
cpessel9j@illinois.edu,gsherman9j,Dziergowice
bloding9k@behance.net,rkeeffe9k,Maipú
kvankeev9l@technorati.com,elyal9l,Merklín
msowrey9m@t-online.de,mcabbell9m,Tuanchengshan
clevings9n@cornell.edu,amuttock9n,Wukang
eballinger9o@aol.com,knashe9o,Wutumeiren
nhealy9p@patch.com,rwalters9p,Bangolo
hhadrill9q@auda.org.au,gcollar9q,Linao
sstede9r@earthlink.net,lgodden9r,Tyringe
chodgon9s@icq.com,rmindenhall9s,Novogurovskiy
torbell9t@cloudflare.com,gdamrel9t,Ngangguk
jsimonaitis9u@acquirethisname.com,tbracci9u,Curuzú Cuatiá
csamwaye9v@creativecommons.org,ekynton9v,Rio Covo ( Santa Eulália )
mpolden9w@seattletimes.com,crunge9w,Cibitung
nfeuell9x@amazon.de,adayly9x,Puck
cmoon9y@yale.edu,kbottoms9y,Yunxi
dhazelhurst9z@newsvine.com,swych9z,Yanglin
msherburna0@microsoft.com,lattwilla0,Cihaur
rclarricoatesa1@ucla.edu,pivamya1,Kudymkar
djosephoffa2@reuters.com,cderringtona2,Jiangti
krennicka3@dyndns.org,tknighta3,Satipo
lmacaka4@slate.com,sklausa4,Oslo
bpopleya5@163.com,adeftiea5,Huambo
raultona6@skyrock.com,rsaundercocka6,Zhize
pnowlanda7@google.it,fhunna7,Yongping
tgrogana8@examiner.com,elamersa8,Matingain
hfollitta9@shinystat.com,zleclercqa9,Mimbaan Timur
xtinseyaa@sphinn.com,bblumsonaa,Hoàn Kiếm
acullityab@123-reg.co.uk,rsambellab,‘Amd
hgierckeac@fema.gov,tcathesyedac,Tabonoc
fkinavanad@salon.com,lbossad,Troitsk
jhassenae@themeforest.net,jkeeneyae,San Luis
zrountreeaf@cnbc.com,bgerbaf,Ust’-Izhora
norrag@foxnews.com,bwoolfittag,Kembang
mlittleyah@psu.edu,dpeddieah,Quận Phú Nhuận
hpurselowai@amazonaws.com,dmccordai,Repelón
cglendzaaj@baidu.com,chumbeeaj,Zhoinda
khenstoneak@sina.com.cn,wcowderayak,Argostólion
mgettoneal@mediafire.com,mrobkenal,Spring
njewettam@fema.gov,pfoakesam,Yinjiaxi
csharlandan@telegraph.co.uk,jwittmanan,Borzytuchom
bolufsenao@symantec.com,ncoomesao,Pombal
cchappleap@angelfire.com,rlesmondeap,Savski Venac
pcasellaaq@redcross.org,hmcclaryaq,Birnin Kebbi
mfaransar@nasa.gov,cmeesar,Jinhe
hwhalesas@boston.com,mdowthwaiteas,Prislonica
thellardat@europa.eu,kburdusat,Belogorskīy
fwhellamsau@about.com,dcrollmanau,Bethlehem
bvolkesav@lycos.com,nbigglestoneav,Sampir
nparresaw@creativecommons.org,oaikettaw,Maqia
fcaldeiroax@bizjournals.com,peubankax,Guadalupe
mgreschay@biglobe.ne.jp,bbeebeeay,Jilma
hbattersaz@bloglovin.com,gfettiplaceaz,Gravelbourg
seckelsb0@va.gov,mbielfeldb0,Thatèng
ahubbertb1@ocn.ne.jp,gpeticanb1,Wanmu
mgiveb2@cnbc.com,hpoagb2,Hua Sai
mkinneyb3@cbsnews.com,nmainb3,La Serena
mchapelhowb4@examiner.com,nsmaleb4,Rio Branco
bbroughamb5@mail.ru,sbonallickb5,Altkirch
crotherhamb6@digg.com,cgricksb6,Pizarrete
afulliloveb7@weibo.com,fdesimonib7,Tiguha
mmanginotb8@ft.com,rjeppeb8,Camias
lslocumb9@hugedomains.com,cliverockb9,Guisa
kcloggba@gov.uk,tlaytonba,Kołaczyce
bscotchmorebb@nsw.gov.au,sjudronbb,Madette
pgiovanninibc@smh.com.au,vdominiquebc,Kinh Môn
fcoppockbd@google.com,sstrowlgerbd,Palhais
dhateleybe@deliciousdays.com,nhamblingtonbe,Koumac
cbeterissbf@pagesperso-orange.fr,cmcgowbf,Kwekwe
rdumphybg@facebook.com,aferrelibg,Sūrak
gcransonbh@nydailynews.com,lcauleybh,Jabonga
afellneebi@scientificamerican.com,gchaplinbi,Banjar Peguyangan
egyurkovicsbj@cbslocal.com,oblankleybj,Normandin
abolderobk@yellowbook.com,etaverinerbk,Älvängen
jaykroydbl@example.com,nboonebl,Jingshan
lemmotbm@odnoklassniki.ru,agavriellibm,Lukhovka
pbortolazzibn@elegantthemes.com,ngermanbn,Tubigan
mebdenbo@yahoo.co.jp,mhirtzmannbo,Clermont-Ferrand
geveredbp@youku.com,rmussettinibp,Tabio
jhastlerbq@java.com,rtodeobq,Miejsce Piastowe
ppotterilbr@furl.net,kgregorioubr,Enzan
fastellbs@nba.com,gcanacottbs,Pasaje
rradolfbt@pen.io,egalbreathbt,Poyang
dsouthersbu@oakley.com,kempsonbu,Vinhas
aparksbv@ifeng.com,jdanielsenbv,Qianying
mantillbw@g.co,gdollebw,Boneng
woleninbx@sourceforge.net,egerratybx,Val-d'Or
jdevoby@godaddy.com,acorneilleby,Oebobo
ssabertonbz@wix.com,fhallibonebz,Nara-shi
wbriteec0@cbc.ca,kjahnkec0,Khursā
ygrigorianc1@columbia.edu,jpointonc1,Vạn Giã
omatchellc2@fc2.com,dfotherbyc2,Xingren
bhutchcraftc3@npr.org,vseneschalc3,Rendian
lkarppic4@live.com,houlnerc4,Nancy
oshearmerc5@alibaba.com,noconnollyc5,Lauro de Freitas
rbuscherc6@wordpress.com,caskamc6,Taluncemara
zgeerlingc7@prweb.com,pmarqyesc7,Kostyantynivka
olibrerosc8@pbs.org,nkimblingc8,San Juan
kcuncarrc9@geocities.com,babernethyc9,Lühua
jmoorerudca@jigsy.com,cdiboldica,Göteborg
bellescb@issuu.com,dratledgecb,Pajé
aguilbertcc@hud.gov,ltarbettcc,Morales
acockingscd@123-reg.co.uk,bseymarkcd,Ejmiatsin
hluscombece@hibu.com,ltrelevance,Kladruby
wgiblincf@buzzfeed.com,nblundancf,Meiyao
jmccombcg@slate.com,lquinnetcg,Feondari
dsangarch@dion.ne.jp,gcolmorech,Kristinestad
ewoolamci@typepad.com,gattleci,Luhans’ke
smaggicj@fc2.com,dfinniscj,Kuanda
eeschalotteck@vkontakte.ru,rpaylorck,Havlíčkův Brod
lstockoecl@fc2.com,mcrebottcl,Hamburg
dsmalecm@amazon.com,osalvatorecm,Tangguhang
ebiernatcn@weibo.com,hloiseaucn,Haebaru
alubeckco@patch.com,agivesco,Jawl al Majma‘
bmcmeartycp@accuweather.com,nburburoughcp,Nakhon Nayok
achesnaycq@photobucket.com,ahampsoncq,Aoluguya Ewenke Minzu
kheadlandcr@thetimes.co.uk,csabaticr,Cergy-Pontoise
tgrzelczykcs@state.tx.us,cvondrachcs,Lapachito
ptuffeyct@umn.edu,talfordect,Jajawai
tbuffincu@paypal.com,msandrycu,Jiqu
naddinallcv@geocities.jp,awarkupcv,Clermont-Ferrand
fallensoncw@imdb.com,sletticecw,Krynice
jwroecx@paginegialle.it,creadittcx,Piedra del Águila
jpickettcy@indiatimes.com,sleathleycy,Zelenogorsk
wtugmancz@mozilla.com,adrezzercz,Wenquan
lfrimand0@wordpress.org,pbodiamd0,Wenquan
rgreguold1@columbia.edu,jgelderdd1,Wonosari
jharuardd2@mapy.cz,iescotd2,Taiping
wtrussed3@deliciousdays.com,dchesshired3,Bellavista
cspearesd4@icq.com,wpinerd4,Sokol’skoye
wboichd5@redcross.org,htinkhamd5,Pisarzowice
ebugged6@fc2.com,bveitchd6,Tinghir
psniped7@mashable.com,fsprostond7,Rouen
sweatherupd8@hud.gov,kmated8,Solna
kknockd9@reuters.com,bdickend9,Volokonovka
jyssonda@rakuten.co.jp,grollinda,Wassa-Akropong
evickorsdb@1und1.de,cganndb,Nankengzi
jobaldc@baidu.com,ldisbreydc,Huanghe
fbeezedd@live.com,fadnettdd,Kraljevica
brudmande@creativecommons.org,tgreasleyde,Crossmolina
gcowperthwaitedf@mac.com,cmartensendf,Qalaikhumb
rannetsdg@boston.com,jcarleydg,Macheng
calenovdh@foxnews.com,echasmardh,Roberval
gcorballisdi@tinyurl.com,mbartosiakdi,‘Akko
ymitchleydj@ezinearticles.com,mgiraldezdj,Zhongxing
gateridgedk@ameblo.jp,lgreenshieldsdk,Edéa
eaickendl@bloglines.com,nodalydl,Arthur’s Town
hsybbedm@berkeley.edu,shannentdm,Všestary
lokennedydn@ifeng.com,hchuckdn,Hexiangqiao
pmcaliniondo@mapquest.com,abladesmithdo,Randuagung
hodamdp@github.com,jprosekdp,Urcos
gborgedq@behance.net,efeldbrindq,Fray Bentos
dbadmandr@home.pl,gcacaciedr,Nīkshahr
jtrottonds@topsy.com,jbrinkleyds,Fatuhilik
srigmanddt@a8.net,anewbolddt,Jagodnjak
gpenningtondu@i2i.jp,akisbydu,Mjölby
dstrotherdv@linkedin.com,yattargedv,Sremčica
lguilbertdw@dmoz.org,nstrafforddw,Georgīevka
mtucknottdx@ezinearticles.com,sbonafantdx,Cruzeiro
adengedy@typepad.com,gpetricdy,Mošorin
cshilldz@berkeley.edu,ddarreedz,Banjar Ponggang
credbourne0@miitbeian.gov.cn,kgillanderse0,Kirgili
kparnelle1@time.com,hjulyane1,Le Pontet
dlystere2@businesswire.com,gloffheade2,Zásmuky
mnesfielde3@yellowpages.com,nsclatere3,El Rancho
kwaddilovee4@springer.com,djedrzejczyke4,Xunzhai
dlucianoe5@ning.com,mpatese5,Florida
mbaglowe6@plala.or.jp,asiddalle6,Kista
jwinsomee7@photobucket.com,rhenstonee7,Tulungrejo
ivakhrusheve8@booking.com,ahileye8,Nioumamilima
ghanmoree9@xinhuanet.com,gjindrake9,Yaojiagou
pspaltonea@behance.net,butridgeea,Fencheng
wdelwatereb@yelp.com,rmacnamaraeb,Neya
adrydenec@loc.gov,gthrasherec,Mataguži
wthomaed@smugmug.com,cotteeed,Chengjiao
ecreginee@amazonaws.com,eduroee,Amiens
mmorehallef@arstechnica.com,soclovanef,Tenri
rleaseg@reddit.com,llewryeg,Luz de Tavira
wberthomeeh@hhs.gov,battwelleh,Bishan
qglantzei@wikipedia.org,ssouthernei,Tivat
jbarnabyej@princeton.edu,eiveryej,Guadalupe Victoria
rshemiltek@slate.com,mjachimczakek,Ferraz de Vasconcelos
mbrothwoodel@go.com,smarousekel,Hòa Bình
jquinlanem@aol.com,tjoannetem,Kremidivka
jmurieen@desdev.cn,dknowleren,Omīdcheh
rmallabyeo@google.com.au,mmckennaneo,Emnambithi-Ladysmith
mmcfaddenep@storify.com,csauntep,Jūrmala
gferreaeq@dailymotion.com,jboanaseq,Makurazaki
nlightoner@biblegateway.com,mlefwicher,Gorna Oryakhovitsa
juppettes@artisteer.com,acolbrones,Marapanim
mcherryet@unesco.org,hwestbrooket,Massy
ahobbemaeu@tiny.cc,iblaireu,Huangxikou
arustanev@admin.ch,mstannersev,Kitakami
vtummondew@wiley.com,zdimblebeeew,Bayan Bulag
rnajafianex@sfgate.com,sklinerex,Pejibaye
ljickellsey@dropbox.com,tbiddwelley,Dagohoy
gdouglissez@theguardian.com,keneferez,Kuncen
tsmeethf0@auda.org.au,aridgerf0,Póvoa
pkingswoodef1@aol.com,ckamienskif1,Acolla
wpiddlesdenf2@google.cn,bcornboroughf2,Wangzha
zbeiderbeckef3@qq.com,dgethinsf3,Oropesa
pchessunf4@tiny.cc,ddiioriof4,Mosul
ccrennellf5@free.fr,apringleyf5,Radlje ob Dravi
pbernhardtf6@bloglovin.com,nrousbyf6,Uyovu
pcockshotf7@economist.com,wkramerf7,Pomabamba
tduryf8@bbb.org,dcubbitf8,Chezhan
vkevlinf9@blinklist.com,mherriesf9,Maao
tbusainfa@g.co,gdraxfordfa,Dengzhuang
mwhitenfb@homestead.com,doakmanfb,Pilchowice
jisbellfc@posterous.com,kswannellfc,Bech
fcoldwellfd@aboutads.info,srowdellfd,Kristiansand S
jskingleyfe@dot.gov,thigounetfe,Sidem
ahamlenff@ihg.com,jspoonerff,Kanekomachi
eattyeofg@nhs.uk,ggullanefg,Daxin
crawsthornfh@netscape.com,rpeacockefh,Gonça
igerataschfi@behance.net,rconibearfi,Créteil
jsolowayfj@ibm.com,amateifj,Viga
mhadlingtonfk@trellian.com,tmassingberdfk,Yueyang
eyokelmanfl@theatlantic.com,wdarreefl,Strasbourg
deickfm@edublogs.org,sparsonsfm,Budrus
sduncanfn@kickstarter.com,fsandallfn,Centralniy
gflinnfo@meetup.com,cristefo,Shuinan
msinisburyfp@sbwire.com,lsiddenfp,Utrecht (stad)
vtisunfq@chicagotribune.com,divasechkofq,Youxikou
mwilfordfr@msn.com,cdurbannfr,Drumcondra
ccrunkhornfs@constantcontact.com,druffeyfs,Funchal
rwhitefootft@twitter.com,mvenusft,Bethlehem
mkaygillfu@sfgate.com,digofu,La Unión
rduferfv@japanpost.jp,mroggersfv,Şūr
cmacartefw@ning.com,dramelfw,Khoroshëvo-Mnevniki
amanicomfx@theatlantic.com,bjahnerfx,Hane
lscuffhamfy@cloudflare.com,sheynelfy,Chernyshkovskiy
rbeisleyfz@weibo.com,ccalanfz,Yenagoa
cbanthamg0@cyberchimps.com,ebulcroftg0,Besisahar
kredgateg1@biblegateway.com,cgronnog1,Xiabaishi
hkrzyzowskig2@nih.gov,codamsg2,Corpus Christi
lmcrobbg3@51.la,mmussong3,Kawanishi
vsketchg4@tamu.edu,woliviag4,Yaqian
mhalgarthg5@gmpg.org,fsymmersg5,Putre
lstedmondg6@mapy.cz,npreddleg6,Ban Ratsada
oflipsg7@furl.net,breaperg7,Los Angeles
mcodlingg8@cmu.edu,movershottg8,Ngadipuro
tzarfaig9@mit.edu,lcolmoreg9,Chabu
aselesnickga@slate.com,ccalendarga,Prabuty
mbleacklygb@newsvine.com,atumayangb,Pantai Ceuremen
slavingc@bizjournals.com,uwoodcroftgc,Taungoo
dpenninogd@pinterest.com,crogistergd,Jia’an
syakubovicsge@sohu.com,vcripinge,Kawakawa
esibbertgf@weibo.com,bwandrichgf,Parakanhonje Wetan
nemlochgg@ft.com,jjunkisongg,Brändö
ewilleygh@bloomberg.com,ashirdgh,Qianfoling
mascraftgi@abc.net.au,smawsongi,Candelaria
jerrowegj@issuu.com,tmacnucatorgj,Santa Catalina Norte
bhainninggk@issuu.com,cshuttleworthgk,Campo Maior
blindelofgl@usa.gov,sflandersgl,Budapest
mmuzzullogm@blinklist.com,scrackergm,Corticeiro de Baixo
janfonsign@wordpress.org,kbiddellgn,‘Anīn
spennamango@shareasale.com,jmaruskago,Yamada
ebennettsgp@weebly.com,tjunkinsongp,Panalanoy
mjudkinsgq@wikimedia.org,svasyukhichevgq,Wenshui
lhaineygr@sfgate.com,jlongmeadgr,Ciodeng
zboadbygs@yale.edu,icrandongs,Wangba
cissacgt@huffingtonpost.com,agleavesgt,Joal-Fadiout
ggrieswoodgu@amazon.co.jp,bandreolligu,Labuhanjambu
lyouensgv@histats.com,dairtongv,Alor Setar
myounglovegw@php.net,kduggetgw,Baiyin
tkondratowiczgx@behance.net,nbloomgx,Nagahama
btorrecillagy@sciencedirect.com,gcarruthgy,Lešná
alosbiegz@newsvine.com,apolinogz,Watsa
ddotterillh0@mozilla.org,rcubberleyh0,Moutnice
jticeh1@miibeian.gov.cn,scathroh1,Bringinanom
mpaulah2@youtu.be,bwaringh2,Osby
cdorieh3@macromedia.com,glowndsh3,Puncakmanis
aellinorh4@bbc.co.uk,rcrossonh4,Honghuatao
blearmouthh5@myspace.com,mbosomworthh5,Machakos
cgiacovellih6@usgs.gov,mpuigh6,Bāzārak
bwarrellh7@craigslist.org,gpeakh7,Anastácio
mgreenhoweh8@about.me,rklammth8,Tacoma
smolloyh9@vk.com,bgrinawayh9,Reisdorf
dguirardinha@edublogs.org,ofealyha,Cacequi
hlethbrighb@mlb.com,ybazleyhb,Ban Chang
mlibbehc@reference.com,wteazhc,Megulung
kgeldefordhd@intel.com,ngrewehd,Wonosari
pfullhe@yolasite.com,gdecarolihe,Aldeia de Além
wchilleyhf@admin.ch,rendeanhf,Tiko
msealeafhg@army.mil,erizzinihg,Zhaitou
rboldenhh@yellowbook.com,smollindiniahh,Siemiechów
sgrisardhi@merriam-webster.com,rbrettorhi,Roches Noire
cpanehj@behance.net,zcaunterhj,Kalengwa
bbenedikthk@ask.com,htinstonhk,Eqlīd
kchesnayhl@ihg.com,vohlsenhl,Eskilstuna
sfloodhm@dailymail.co.uk,dbeckethm,Bombarral
amattheushn@sohu.com,acrabbhn,Komyshany
rfishleighho@biblegateway.com,ahastonho,Changzhou
radamouhp@deviantart.com,ctiplinghp,Huatan
jsnodinhq@statcounter.com,bholtonhq,Khān Arnabah
csmittenhr@google.pl,emelmothhr,Alofi
jughinihs@hud.gov,fbasellihs,Sayapullo
gjoslowht@histats.com,ghaggarthht,Odienné
mhoppnerhu@skyrock.com,pdunkerleyhu,Stetseva
mdodshunhv@yellowpages.com,tgraingehv,Cajabamba
cshelfordhw@salon.com,mwitheringtonhw,General Alvear
hfurnellhx@scientificamerican.com,vrallinghx,Riberalta
sdederichhy@tamu.edu,ctriponyhy,Ebute Ikorodu
titzkovhz@usa.gov,mdawidowiczhz,Kalininskiy
eclaveyi0@shinystat.com,jmackellari0,Södertälje
gandreonei1@europa.eu,vrami1,Krajan
spechti2@360.cn,lninehami2,Ilām
mmalehami3@umich.edu,lgolagleyi3,Kristianstad
elegoni4@about.me,cheamsi4,Minzheng
msuatti5@wp.com,dtreadgalli5,Jayyūs
fmilbourni6@ucoz.ru,gwinchesteri6,Daraitan
jgoutcheri7@networkadvertising.org,pdeehani7,Tancheng
adeinhardi8@360.cn,tbrumbyei8,Simpang
tocrevani9@spotify.com,fmaloneyi9,Waturoka
rcrowneia@1688.com,hbennia,Sigayevo
splettib@wikipedia.org,gcharteib,'Ali Sabieh
mkershowic@networkadvertising.org,uphiloic,Mbaïki
scolbournid@hc360.com,jmarthenid,Pomahan
nmonanie@parallels.com,oryalie,Nice
fungererif@unesco.org,hjeffressif,Luhansk
lsapsedig@comsenz.com,dbeardallig,Baykit
jplattih@imageshack.us,jcherryholmeih,Ipiales
cbeckenii@ft.com,asterlingii,Dzhalka
zutteridgeij@stumbleupon.com,neliffij,Groningen
dbeauchampik@clickbank.net,rjeanninik,Bautista
qronchettiil@wikipedia.org,sollivierreil,El Tabo
gcrameim@ca.gov,cclarabutim,Al Qanāţir al Khayrīyah
rwisemanin@java.com,mcanedoin,Bangui
csertinio@ameblo.jp,mstrittonio,Bastos
druckhardip@4shared.com,rdodswellip,Qingshi
pburhouseiq@youtube.com,sgritteniq,Antang
ayosevitzir@deliciousdays.com,npfeifferir,Rato
dvanderspohris@exblog.jp,gheathornis,Xindong
jsmurthwaiteit@exblog.jp,cvernallit,Goranboy
vvlasyukiu@xrea.com,ehaymaniu,Bitung
souletiv@google.com,lmolianiv,Yedun
bdinsaleiw@omniture.com,gtrothiw,Ozorków
hrehorix@yellowbook.com,bmacgeeix,San Lorenzo de Esmeraldas
teastwoodiy@amazonaws.com,dwieldiy,Del Monte
wmolleriz@wikimedia.org,cbrewittiz,Quintães
rmendesj0@ehow.com,lbarstowkj0,Guaymango
lgoodersonj1@imdb.com,bdeerej1,Tamel
emearnsj2@sogou.com,barlidgej2,Dongfanghong
vcoultj3@theguardian.com,cimmj3,Jambeyan
rnutkinsj4@tripod.com,ksturrockj4,Singkup
vschonfelderj5@sciencedirect.com,bkoubekj5,Thouars
rbrettonj6@smugmug.com,hfenixj6,Puyung
kdunseithj7@economist.com,jodonnellj7,Zdíkov
cmcenteej8@webnode.com,frosgenj8,Fonte Boa dos Nabos
ascotchmorj9@yahoo.co.jp,abaruchj9,Saint-Denis
mdomokosja@senate.gov,mlarhamja,Milwaukee
wrufjb@msu.edu,jstiffkinsjb,Cové
omaudsonjc@google.com.hk,mvostjc,Saint John’s
blargejd@discuz.net,aarmandjd,Barbosa
amctavyje@devhub.com,gcasaje,Casal Novo
bharnettyjf@scientificamerican.com,oransomejf,Leticia
fguyotjg@senate.gov,lwestfieldjg,Ijebu-Ife
dmoncreiffejh@goodreads.com,fmclukiejh,Orlando
boatesji@bigcartel.com,tpaydonji,Cukangpanjang
asalmonsjj@princeton.edu,jneedhamjj,Ardabīl
bdrysdalljk@google.com.hk,zstuddardjk,Qukës-Skënderbe
mspadajl@usa.gov,aabrahamoffjl,Lagunillas
hstephensjm@bloomberg.com,gsargeauntjm,Bira
ddemschkejn@yellowpages.com,gcoppinjn,Stockholm
pwiltsherjo@jugem.jp,ulankhamjo,Pingyin
smacaleesejp@wix.com,pfadianjp,Belung Satu
ebassamjq@dailymotion.com,mdrysdelljq,Nedryhayliv
gcoltmanjr@adobe.com,rlukesjr,Baiyang
bjeskinsjs@edublogs.org,lmacparlandjs,Novoukrayinka
rraubenheimerjt@cbsnews.com,vloadesjt,Sanchahe
wpennamanju@si.edu,ljacobsenju,Dongba
fperottjv@wisc.edu,hmacphailjv,Nangaroro
joldeyjw@kickstarter.com,cswatridgejw,Olupona
asimmonitejx@about.com,dettyjx,Kumo
cscrowstonjy@hp.com,ltranterjy,Biecz
akimbreyjz@engadget.com,ggentreaujz,Hejiaping
cmaffiak0@umich.edu,okilgourk0,Trondheim
mcobonk1@nba.com,rpiesoldk1,Nevers
wcrombleholmek2@icq.com,kmebsk2,Podivín
djoynesk3@whitehouse.gov,cgorgerk3,Cangkringan
rzamorak4@parallels.com,moluwatoyink4,Woodford Hill
sbuglerk5@state.tx.us,ecresserk5,Marugame
vschabenk6@army.mil,ecoppenk6,Nīkêh
bdoughartyk7@4shared.com,jdumbeltonk7,Serra Talhada
sgealek8@surveymonkey.com,msmithemank8,Juai
nmillamk9@naver.com,imccrohonk9,Taclobo
lhabornka@loc.gov,dpeltzerka,Třemošnice
kdaddkb@google.pl,ecrightonkb,Pedome
vdomonkoskc@phoca.cz,sgiacobellikc,Camilo Aldao
mweldrickkd@hibu.com,hswynfenkd,Pliska
shansberryke@ebay.com,sfowlieke,Kotabumi
pmacellarkf@bbb.org,dsheppeykf,Bei
mcockarillkg@omniture.com,smclenaghankg,Shunhe
rblaylockkh@scribd.com,rbeathemkh,Dahe
kmcfadzeanki@umich.edu,ctredgerki,Salamwates
umowenkj@paypal.com,nglentworthkj,Mytishchi
ssweetingkk@woothemes.com,dscallonkk,Freiria
mheusticekl@mediafire.com,gbaxendalekl,Niejiahe
tveneskm@i2i.jp,mivelkm,Buniaga
bmassykn@paginegialle.it,ebransomkn,Camaligan
ddantonioko@eventbrite.com,sboarderko,Timezgana
kfransewichkp@wikimedia.org,rwinneykp,Năm Căn
gmaytekq@woothemes.com,pgravekq,Simpangpasir
sholberrykr@histats.com,mcowtonkr,Pulautemiang
cstenetks@narod.ru,jsinkinsks,Tarlac City
bworsnipkt@myspace.com,csullenskt,Melekeok Village
lballsku@salon.com,ghuddartku,Chuzhou
ahurnekv@mozilla.com,jperingkv,Mombetsu
pgwylltkw@wordpress.com,strobeykw,Zagnitkiv
hcasskx@cbslocal.com,adequesnekx,Masaraway
sperocciky@addthis.com,mluttgertky,Dairiti
cblockkz@slashdot.org,mhavelinkz,Sechenovo
lcarletl0@xing.com,ncundel0,Wiązownica
vescolmel1@cocolog-nifty.com,dsudworthl1,Yelenendorf
dreuvenl2@sina.com.cn,ileesl2,Kirovsk
cbielbyl3@google.es,nkeoghanel3,Ban Mo
cpidlerl4@comcast.net,pcallawayl4,Mełgiew
sgerlackl5@joomla.org,bwinningl5,Linjiang
csoutherelll6@histats.com,sbowdidgel6,Mārupe
fperigoel7@spotify.com,gclemencel7,Bayan Bulag
fbeevensl8@scribd.com,btintol8,Marulanda
hbagnoldl9@xrea.com,fgrichukhinl9,Bromma
ndaunterla@canalblog.com,lharyngtonla,Richmond
lgussinlb@cafepress.com,tfrobisherlb,Loureiro
glowrelc@vimeo.com,sjewerslc,Moshiyi
cjonssonld@i2i.jp,hvandalenld,Changjiangbu
gcollopyle@slashdot.org,dteele,Jovellanos
bchadwicklf@reuters.com,aspinckelf,Dārchulā
aprestneylg@mapy.cz,jrevielg,Kowang Utara
hgarthsidelh@ucoz.ru,hchristopherlh,Ban Lŭng
myggoli@google.com.au,ehaysarli,Silodakon
tfrankelj@canalblog.com,tlorrielj,Šalovci
hmurfordlk@abc.net.au,phaythornelk,Del Valle
gprobackll@squarespace.com,dcriginll,Caminaca
jsiddenslm@facebook.com,lsmallshawlm,Stari Kuty
cchittockln@cdc.gov,rrosaln,Shorko
mmaxsteadlo@photobucket.com,mburbridgelo,Nanyang
sswinnertonlp@accuweather.com,zputmanlp,Medina Estates
adeverehuntlq@e-recht24.de,flazarlq,Banjaranyar
lwildgooselr@163.com,sthompsonlr,Besançon
lmcnaughtls@hud.gov,ssthillls,Leran
hashtonlt@blogs.com,mfincilt,Subic
ptupplu@ucoz.ru,cshevelllu,Mirimire
dcarricklv@sogou.com,vmckeggielv,Lubbock
cmelchiorlw@ovh.net,hklostermanlw,Karangasem Laok
cklesllx@cmu.edu,lbabalolalx,Sozopol
abergeonly@php.net,ntrundellly,Mörrum
alarmouthlz@dailymail.co.uk,lpinardlz,Pentéli
asalkeldm0@bluehost.com,lmenelm0,Foz do Arelho
eabramowitzm1@cam.ac.uk,aisaksonm1,Rájec-Jestřebí
wkubeckam2@360.cn,hmayallm2,Talok
gezelem3@wordpress.org,tplumbleym3,Tucson
cwalwoodm4@goo.ne.jp,dbronotm4,Muḩambal
mwhybornm5@hc360.com,pdoolerm5,Irará
kjocklem6@yellowpages.com,seliassonm6,Néa Péramos
hbleacklym7@economist.com,rbarokm7,Butiá
mdurnallm8@reference.com,fsmidmorm8,Khemisset
afoym9@dot.gov,aelleraym9,Ciguna
cmummma@ycombinator.com,lrasorma,Huambo
amcilherranmb@rakuten.co.jp,otonbyemb,Naudero
agarnseymc@dropbox.com,dmennellmc,Zhuangxing
gtollitmd@google.es,bkindleysidesmd,Batiovo
pszymonime@lycos.com,vharcombeme,Ninh Hòa
nstruanmf@umich.edu,aopymf,Arendal
ahennermg@wikia.com,twoolensmg,Liwu
ikorousmh@hibu.com,ysleafordmh,Pangalangan
ystirgessmi@ebay.com,drozalskimi,Hangou
egriffithemj@statcounter.com,gbraycottonmj,Karangboyo
bcleughmk@sfgate.com,cvasilyevmk,Mandalt
pbradnockml@yahoo.com,lstiegerml,Topory
hlevenemm@parallels.com,uyeldonmm,Presidencia Roque Sáenz Peña
norbellmn@ameblo.jp,hballmn,Debe
kgilchristmo@surveymonkey.com,eokeevanmo,Seda
dleedermp@wunderground.com,gyendallmp,Majingklak
elequeuxmq@cocolog-nifty.com,kstansburymq,Rostov-na-Donu
cloughneymr@myspace.com,ocadlemr,Nakhodka
ncampanellems@devhub.com,sluscombems,Sundbyberg
smatchettmt@webmd.com,ndavidovicmt,Pustomyty
tpeyesmu@tripod.com,ewaistellmu,La Huaca
wpowdermv@intel.com,jdemendozamv,Damiao
jroadknightmw@arizona.edu,cbutfieldmw,Kafr ash Shaykh
ghardwichmx@yandex.ru,myardymx,Ziftá
dwoodheadmy@nytimes.com,tmenilovemy,Songhu
adymz@myspace.com,jbengalmz,Buritama
mbriskern0@reddit.com,ssharrattn0,Leping
dmatushevitzn1@europa.eu,wunderhilln1,Fubei
eelbyn2@apple.com,gfranzolinin2,Kuala Terengganu
muccellin3@accuweather.com,tmcmenaminn3,Īz̄eh
mblintn4@alibaba.com,sloukesn4,Psáry
groggemann5@biglobe.ne.jp,mbowdreyn5,Sabana Grande de Boyá
awestnedgen6@technorati.com,hgandyn6,Hongshi
rfaggn7@networkadvertising.org,kgemmelln7,Kresna
lparresn8@spotify.com,maxelbeen8,Antofagasta
mmoldern9@abc.net.au,sskellenn9,Zhanghua
rskucena@vimeo.com,lmorrantna,Matanza
speternb@surveymonkey.com,twinchnb,Kuzhu
mfeathersbync@cam.ac.uk,kberesforenc,Ricardo Palma
woxboroughnd@mtv.com,lbrecknocknd,Zuyevka
pcastagnerine@scientificamerican.com,jdavidovitzne,Las Toscas
jbraunstonnf@tripadvisor.com,oportlocknf,Araguari
bmarzellang@skype.com,aatgerng,Lāchi
cbiglynh@biblegateway.com,acostainnh,Golacir
fandryuninni@eepurl.com,hklemzni,Ust’-Uda
cmandifieldnj@foxnews.com,cwhildenj,Apongo
cmcfeatnk@xing.com,nyusupovnk,Weitian
gyansonnl@statcounter.com,gyoullnl,Chandler
bmatonnm@shareasale.com,jolivanm,Balgatay
oswindennn@wikia.com,dcheesworthnn,Banjaranyar
mlaymanno@networksolutions.com,hgrovenno,Mufushan
rmckunenp@yandex.ru,gallerynp,Wichit
ltiddynq@ft.com,pcrichtennq,Roshal’
nrubranr@adobe.com,rtittnr,Guarapari
rdecentns@ft.com,sgavaganns,Povarovo
lwilprechtnt@twitpic.com,cstollent,Seattle
knusseynu@archive.org,dgoodinnu,Zhendong
jporrittnv@indiatimes.com,bgoodboddynv,San Isidro
bscogginsnw@gizmodo.com,rtailbynw,Sakule
jdidellonx@nasa.gov,vhazelgreavenx,Birnin Kebbi
scottieny@mail.ru,ckatteny,São Carlos
febbettnz@hc360.com,mbrooktonnz,Tamanan
baynscombeo0@ucla.edu,bbraziero0,Xin’an
rhurburto1@woothemes.com,jdineeno1,Fosca
holennaneo2@twitpic.com,ebeamso2,Pereiros
ejallando3@com.com,pburfordo3,Sindang
rmarco4@statcounter.com,tlindsleyo4,Shaoguan
aannwylo5@npr.org,hclementio5,Washington
nthibodeauxo6@hexun.com,wsayo6,Dzüünharaa
sdavidssono7@oaic.gov.au,rstealeyo7,Mértola
mbausmanno8@soundcloud.com,pbarnfathero8,Virginia Beach
lkipplingo9@upenn.edu,kianittelloo9,Watulimo
apuddleoa@exblog.jp,bjouloa,Cajati
tyoulesob@wikispaces.com,iborrowob,Nanmo
overillooc@washingtonpost.com,dbarthelmeoc,Zvenyhorodka
eclausenod@yellowbook.com,bpentercostod,Kangar
tshoardoe@delicious.com,mcrutcheroe,Nong Bun Nak
jtapeof@blogger.com,mclemasof,São Julião do Tojal
acorbyog@bloglovin.com,fpendellog,L'Aigle
ltanslieoh@smugmug.com,kpeckhamoh,Young
edallynoi@hibu.com,lashbyoi,Jun’an
rmacartneyoj@ucla.edu,agutierrezoj,Barbudo
dluckmanok@twitter.com,rbazireok,Píritu
lkliemchenol@mysql.com,dleggateol,Al Ḩarāk
miansonom@uol.com.br,baskellom,Murów
awillimotton@networksolutions.com,zspelwoodon,Quinarayan
bmedgewickoo@slate.com,bcoggenoo,Água Preta
bmacdougalop@imageshack.us,aoslarop,Ivry-sur-Seine
lvanderkruijsoq@com.com,mcatchpoleoq,Thiais
roxleyor@webeden.co.uk,ggableor,Chishui
amacnessos@arizona.edu,rsnowdonos,Huagu
bhirtzmannot@amazonaws.com,cguyotot,Rîbniţa
pheinonenou@godaddy.com,gbagshaweou,Uglovoye
dmicklewrightov@uiuc.edu,rmatzelov,Gurung
ddelmonteow@chronoengine.com,gcomizzoliow,Aconibe
jgettensox@phoca.cz,lmeneghiox,Coratatal
ngreenfieldoy@angelfire.com,rbethelloy,Berlin
bdelfoz@npr.org,nprovisoz,Bellavista
wesliep0@forbes.com,achattelainep0,Hejiabao
slylesp1@springer.com,rkimbreyp1,Tapan
bpinsonp2@gov.uk,cregorzp2,Lewodoli
ugertp3@ted.com,dcantop3,Labrador
amullanyp4@google.de,sbonsallp4,Głuchów
nciccarellop5@tinypic.com,planneyp5,Gent
ngeistmannp6@miibeian.gov.cn,tgrettonp6,Toutuo
edoucettep7@360.cn,sklichp7,Las Mercedes
jbowichp8@com.com,lbendtsenp8,Tsagaan-Owoo
hyitzoviczp9@t.co,kdelahuntp9,Timba Lauk
cgoodredpa@seattletimes.com,mciccottiopa,Krajan
jchapierpb@yahoo.com,mswinglehurstpb,Panaitólion
mdumperpc@mozilla.org,jraithbypc,Hadabei
fmarlepd@purevolume.com,hpenningspd,Rolândia
smckeighanpe@istockphoto.com,mstiegarspe,La‘l
cjaunceypf@mit.edu,gmalleypf,Balut
lfranckpg@artisteer.com,clandrieupg,Libouchec
drenwickph@wufoo.com,hposkittph,Jiangnan
wgartonpi@list-manage.com,rmcguineypi,Dapitan
beringtonpj@alexa.com,wjoncicpj,Amherstburg
kwestrippk@cmu.edu,igibbpk,Gaotang
vhospitalpl@merriam-webster.com,mmarkiepl,Xigou
cstrelitzerpm@woothemes.com,cfickpm,Mangarine
mdemkopn@zdnet.com,ccarnelleypn,Santa Luċija
slillowpo@odnoklassniki.ru,shathawaypo,Luotaping
emixerpp@is.gd,opersencepp,Błażowa
jspellmanpq@slashdot.org,ahuntleypq,Yangyu
cgreenhaughpr@mac.com,jmcgilvraypr,Calauan
arawlinsonps@reuters.com,oballentimeps,Kilafors
dmacchaellpt@artisteer.com,fcapounpt,Mallow
rstokepu@dell.com,elawrancepu,Tenjolaya
mbenedictepv@nyu.edu,hwoodworthpv,Santa Maria
tfullickpw@liveinternet.ru,jtrevespw,Beberon
ckeavepx@wordpress.org,vstledgerpx,Psary
kgreenlesspy@wikipedia.org,emcconvillepy,Baniachang
ajeffespz@devhub.com,bdoggpz,Shuanglu
lammerq0@artisteer.com,aretallickq0,Gunjur
tburchattq1@wunderground.com,scurnockq1,Abaca
jhaythornthwaiteq2@i2i.jp,rlarnq2,Gävle
dbenianq3@google.co.uk,kpendletonq3,Xiaoweizhai
tnicholasq4@amazonaws.com,mtrippackq4,Cabinteely
amegroffq5@reuters.com,ehansonq5,Dar Chabanne
gcloustonq6@edublogs.org,bvanleeuwenq6,Kirkton
tarnoultq7@bbb.org,hdanbyq7,Aix-en-Provence
mgloyq8@columbia.edu,yhaggataq8,Macaíba
cshalesq9@stumbleupon.com,nsonghurstq9,Pīrgaaj
ccaldesqa@taobao.com,cpicoppqa,Donegal
kmcteagueqb@diigo.com,lrampleeqb,Bengtsfors
soriordanqc@odnoklassniki.ru,nfridlingtonqc,Dengzhuang
omartensenqd@mapquest.com,gquiggqd,Jarinu
ephillimoreqe@jalbum.net,lmanntschkeqe,Acevedo
vkeeffeqf@noaa.gov,gmarcqqf,Tubungan
mvarranqg@reference.com,blittledykeqg,Teseney
dtrautqh@paypal.com,gspurginqh,São Paulo de Olivença
sdronqi@census.gov,pcornuqi,Södertälje
mbartloszqj@histats.com,asellqj,Washington
bellimanqk@prnewswire.com,ldillamoreqk,Bāfq
aswattenql@youku.com,ikhilkovql,Olleros
csherstonqm@hostgator.com,mmansfieldqm,Dafang
cmabbotqn@hexun.com,miacovoneqn,Portariá
dpahlqo@blogtalkradio.com,rcrichtonqo,Xiangshan
gcominettiqp@cbsnews.com,nsharlandqp,Novoukrayinka
jriordanqq@nature.com,eselbieqq,Sincelejo
pjosilevichqr@zimbio.com,sgerrillqr,Bendo
ecornwellqs@rakuten.co.jp,zpardyqs,Bobo-Dioulasso
znacciqt@wufoo.com,mgaitleyqt,Wunat
kkeransqu@samsung.com,pilyinskiqu,Ganping
bmquhargqv@comsenz.com,ktillyerqv,Kyenjojo
cmoulsdaleqw@cargocollective.com,choffqw,Luqiao
mcutteridgeqx@flickr.com,akinlockqx,Dallas
rhakeqy@instagram.com,aslaineyqy,Kyzyl-Kyya
cbelleqz@virginia.edu,dfairfootqz,Cibetung Dua
rrowantreer0@globo.com,eadamovitzr0,Mahalapye
hcoldwellr1@hao123.com,dyurevichr1,Göteborg
zheselwoodr2@about.com,fboydar2,Cishan
dhanbyr3@ca.gov,mtregenzar3,Smolensk
ddorninr4@apple.com,hcoultassr4,Youfang
tbalogunr5@homestead.com,asherringtonr5,Xomong
ajoshamr6@google.nl,kcrutchleyr6,Hanzhong
mgerrenr7@php.net,yglanderr7,Jurva
bparkynr8@deliciousdays.com,hbroomheadr8,Vallegrande
ksimonsenr9@cbslocal.com,gstigellr9,Hitura
vboumphreyra@qq.com,fhatchardra,Orly
ceggersrb@mlb.com,ljaneczekrb,Purwojoyo
raffleckrc@about.me,vhadyerc,Guashe
everlindenrd@europa.eu,mbartoschrd,El Paso
mtunkinre@ihg.com,kdjakovicre,Teslić
linstrellrf@google.ca,dshambrookrf,San José del Guaviare
bashbridgerg@i2i.jp,cmilbournerg,Borås
gmclucasrh@fc2.com,ffassumrh,Jaworze
hthodyri@shareasale.com,jkernleyri,Kyzyl-Oktyabr’skiy
mflacknoerj@berkeley.edu,dpinchrj,Devnya
kfoldrk@surveymonkey.com,mleggittrk,Guihuaquan
mcabellrl@trellian.com,ddebenedictisrl,Efeng
nhewinsrm@yelp.com,istannusrm,Dabou
ggibkern@ezinearticles.com,cstrutleyrn,Agodim
adurningro@people.com.cn,cpaulischro,Tiout
hlauritzenrp@businesswire.com,nvicarrp,Rozsypne
jjuanesrq@harvard.edu,gstroverrq,Bình Minh
dmetcalferr@wix.com,oweatherburnrr,Kybartai
dmetcalferr@wix.com,oweatherburnrr,Kybartai
dmetcalferr@wix.com,oweatherburnrr,Kybartai
sdfsdfsd,sdfsdfsdf,sdfsdfsdf
