lastname,firstname,middlename,gender
Bahls,Magdalen,Faiers,Female
Chaves,Saidee,Denes,Female
Boast,Roseann,Bellelli,Female
Dowty,Allan,Frichley,Male
Iwanicki,Jakie,Niemiec,Male
Tuffs,Adrian,Irce,Male
Rainsdon,Elisabet,Moyce,Female
Duignan,Robby,Khristyukhin,Female
Bedberry,Arin,Shimwall,Male
Folkard,Curry,Heller,Male
Walsh,Jori,Heartfield,Female
Bernhardt,Lorrayne,Izaac,Female
Sutton,Rea,Crosby,Female
Ridgewell,Halli,Sandaver,Female
Snaddin,Zach,Semechik,Male
Nussgen,Cammy,Helm,Male
Bullman,Padraic,Pickavance,Male
Cordery,Kania,Brun,Female
Cadreman,Tye,Clutton,Male
Stiddard,Lynn,Bartholomieu,Male
Pike,Adriena,Meas,Female
Ligoe,Sylvester,Morant,Male
Doge,Johnny,Prichard,Male
Flacknoe,Ellary,Staniland,Male
Jerome,Vanya,Lamont,Male
Andresser,Alida,Folkerts,Female
Jagoe,Mylo,Gronauer,Male
Squibb,Carol,Bulled,Female
Tortoise,Junette,McLanachan,Female
Mingo,Abbe,Arnecke,Male
Gasgarth,Loraine,Leaves,Female
Beine,Elaine,Randal,Female
Cappell,Northrop,Linger,Male
Willman,Carmita,Roaf,Female
Efford,Nikos,Chetwynd,Male
Rapsey,Ricoriki,Payton,Male
Hachette,Augustine,Jannasch,Female
Renak,Chelsey,Jecock,Female
Oland,Riobard,Clemensen,Male
Tidder,Caddric,Farnhill,Male
Bancroft,Antony,Powter,Male
Ledes,Rhea,Novak,Female
Radden,Jon,Maffezzoli,Male
Hosburn,Granville,Jolley,Male
Ellershaw,Lek,Wyre,Male
Pitkeathly,Henrik,McKeon,Male
Ruckert,Neille,Chaloner,Female
Sessions,Dyna,Plevin,Female
Ludgrove,Lowell,Huxstep,Male
Tudball,Joete,Rouke,Female
Vedyashkin,Chantalle,Bracey,Female
Cranstoun,Jami,McKirton,Female
McAtamney,Anetta,Hanretty,Female
MacArthur,Cchaddie,Owlner,Male
Whiteson,Pavia,Greg,Female
Auger,Glenn,Castillon,Male
See,Barbabra,Joye,Female
Blouet,Rivi,Ansty,Female
Loughran,Joey,Broszkiewicz,Female
Cord,Edna,Orknay,Female
Faltskog,Daria,Cerith,Female
Jime,Sheridan,Yakunikov,Male
Coucha,Dari,Glasscock,Female
MacGillacolm,Tiphani,Littlefield,Female
Buckeridge,Benny,Mateus,Female
Tibbotts,Mycah,Camacho,Male
Dulanty,Webster,Remington,Male
Endrizzi,Felicdad,Mingaud,Female
Bohman,Lydie,Wyley,Female
Garforth,Wanids,Stansbie,Female
Matusov,Shalne,Mayer,Female
Mingay,Tadeas,Emlyn,Male
Maynard,Jedd,Feacham,Male
Cottill,Bernadette,Spada,Female
Hinder,Rowland,Cary,Male
Ferrie,Solomon,Zorzi,Male
Madgett,Paddie,Izsak,Male
Garriock,Eydie,Crother,Female
Pendlebury,Jarrad,Mendes,Male
Hune,Perla,Ferier,Female
Dodamead,Stefan,Jadczak,Male
Charlot,Dewie,Cuttings,Male
Cartner,Friederike,Flancinbaum,Female
Wheelton,Jolee,Doorey,Female
Kraft,Brittni,Loader,Female
Tookey,Foster,Allsop,Male
Schlagman,Aryn,Kmiec,Female
Maudson,Alix,O'Bradain,Female
Goss,Sile,Shenley,Female
Edmondson,Theo,Bartomieu,Female
Hampton,Corty,Wadley,Male
Heffy,Gina,Chese,Female
Poynter,Ailina,Quayle,Female
Hurdis,Hyatt,Plante,Male
Belfield,Durward,Crowd,Male
Creedland,Darline,Conichie,Female
Knappen,Nickolaus,Massey,Male
Feakins,Waldon,Rubinovitsch,Male
Clawsley,Eileen,Pacher,Female
Diemer,Lindy,Kitchenham,Male
Peacop,Aaren,Stearndale,Female
Brugger,Darin,Miroy,Male
Newlands,Janek,Dudenie,Male
Willans,Gael,Rosingdall,Male
Rochell,Turner,Richardson,Male
Knox,Raynard,Hirth,Male
Toplin,Ardeen,Gosnell,Female
Hounsom,Durward,Spong,Male
Ciciotti,Cassandra,Feldberger,Female
Boase,Alecia,Isacoff,Female
Gaskell,Louise,Jacklin,Female
Baser,Trumaine,Tredgold,Male
Fetherstan,Gerhardt,Fellona,Male
McWhinnie,Any,Cawthorne,Male
Mosen,Jeremy,Sidebotton,Male
Melloy,Briggs,Faiers,Male
Kristoffersen,Ailina,Clowton,Female
Andreone,Matti,Borrows,Female
Tilsley,Ozzy,Smetoun,Male
Coll,Quintilla,McGroarty,Female
Goodale,Lucinda,Egdale,Female
Meddemmen,Willard,Zywicki,Male
Jochanany,Jdavie,Favey,Male
Free,Filia,Huntly,Female
Springtorpe,Stern,Ewles,Male
Sweed,Lindy,Nisbet,Female
Blaik,Pall,Zelland,Male
Cornner,Andeee,Tommaseo,Female
Hayne,Dorie,Easterfield,Female
Giggie,Estrellita,Hamper,Female
Mougeot,Nina,Gallienne,Female
Wernham,Archambault,Pagett,Male
Fitzsymonds,Kalil,Wisham,Male
Alders,Cherrita,Mallion,Female
Sleeford,Meryl,Corson,Female
Snaddin,Kayley,Bennion,Female
Shaw,Wade,McMillam,Male
Iacobassi,Anton,Kinchley,Male
De Bischof,Helsa,Doucette,Female
Bidnall,Antoni,Searight,Male
Plail,Tybie,Strange,Female
Simmon,Heindrick,Codi,Male
Thelwll,Tandie,Raith,Female
Blinkhorn,Juditha,Renyard,Female
Gino,Izabel,Kemmis,Female
Kesteven,Andras,Chancelier,Male
Curme,Lilllie,March,Female
McAlinden,Livvie,MacCracken,Female
Lightbourn,Francine,Mongain,Female
Suffe,Judye,Yeskin,Female
Hugin,Alejandro,Rignall,Male
Craigg,Tiebout,Marginson,Male
Sustins,Gilda,Eades,Female
Stedson,Elene,Bulman,Female
Polhill,Hettie,Risson,Female
Akroyd,Bennie,Potes,Male
Coxwell,Bob,Styles,Male
Peche,William,Puden,Male
Falconer,Gianna,McEvay,Female
Scain,Sid,Dreng,Male
Willingale,Cathie,Pitsall,Female
Rosle,Johann,Sellar,Male
Smooth,Bourke,Cumine,Male
Crook,Carce,Preece,Male
Martineau,Barbey,Selman,Female
Di Matteo,Grata,Blasgen,Female
Cawcutt,Corissa,Dye,Female
Witts,Christoforo,Fido,Male
O'Hara,Caroline,Grass,Female
Costan,Erin,Harvett,Male
Potzold,Pail,Pleass,Male
Eustice,Richmound,Kynd,Male
Bonniface,Sybila,Baggally,Female
Ash,Maxi,Wathey,Female
Asbrey,Udall,Howsden,Male
Folomin,Ara,Newcome,Male
Wennington,Kennan,Copas,Male
Bluck,Pattie,Alldred,Male
Sebright,Karim,Proby,Male
Faiers,Dana,Pilgram,Male
Maddison,Maressa,Pinyon,Female
Abramski,Nil,Moyse,Male
Oscroft,Ken,Davidou,Male
Kleinplac,Aurlie,Blakelock,Female
Wandrack,Tabatha,Treske,Female
Casewell,Tomkin,Hedditch,Male
MacCostye,Diane,Anster,Female
Torbeck,Colene,Pitford,Female
Harms,Othello,Dickey,Male
Knightsbridge,Allix,Robecon,Female
Scudamore,Meier,Pescod,Male
Smylie,Jonas,Bierman,Male
Mainstone,Bobby,Alabone,Male
Helwig,Pernell,Ferriday,Male
Rourke,Jarib,Eitter,Male
Hadcock,Leigh,Ackroyd,Male
Gipp,Harwilll,Botterman,Male
le Keux,Cherilynn,Gregori,Female
Briddock,Keary,Widdall,Male
Reicharz,Georgine,Casse,Female
Punchard,Samuele,Brevetor,Male
Matthius,Ruby,Idiens,Male
Codd,Andromache,Sunderland,Female
Richin,Celle,Wilsey,Female
Fredy,Alma,Rickcord,Female
Fratczak,Janka,Hellewell,Female
O'Mara,Dani,Pietasch,Female
Proback,Ermina,Gegg,Female
Simner,Ailee,Hammand,Female
Bellhouse,Malvina,Reekie,Female
Krates,Jerrilyn,Calltone,Female
Pasfield,Luis,Poutress,Male
Rawsthorne,Petey,Robberts,Male
Osan,Milzie,Rekes,Female
Hughman,Adan,Thebeaud,Male
Sneaker,Gamaliel,Danshin,Male
Hemshall,Remington,O'Connell,Male
Pepperell,Sterling,Hugonneau,Male
Manzell,Brook,Stroder,Male
Beurich,Curran,Tames,Male
Worwood,Rice,Belliard,Male
Harcase,Vitia,Rainbow,Female
Affleck,Gal,Bazek,Male
Gooley,Tabina,Huttley,Female
Boggon,Darbee,Fromont,Male
Elphinstone,Marlane,Jaine,Female
Linskill,Gunilla,Bickle,Female
Henden,Katalin,Yeude,Female
Podd,Tresa,Ashpital,Female
Bittleson,Massimiliano,Bines,Male
Howton,Kerry,McLoney,Male
Olenikov,Dennis,Roden,Male
Chaucer,Kelby,Lafont,Male
McDowell,Bess,Shadwick,Female
MacMenemy,Denyse,Gittins,Female
Gallie,Darell,Abry,Female
Hannant,Davin,Peplaw,Male
Pennicott,Garner,Emmines,Male
Hinchshaw,Dinny,McColm,Female
Prosser,Carin,Grzeskowski,Female
Kermode,Elsie,Gannan,Female
Duetschens,Nanete,McQuillen,Female
Albone,Skye,Ouver,Male
MacDougal,Maddi,Giberd,Female
Blacklock,Elayne,Williamson,Female
Garr,Aloisia,Schwandermann,Female
Creegan,Micah,Wissbey,Male
Didball,Ryon,Crellin,Male
McRonald,Laird,Hubbis,Male
Grossman,Helyn,Beckingham,Female
Beebe,Virge,Sellers,Male
Bowker,Herman,Kerrane,Male
Ebbage,Ring,Mathys,Male
Elkin,Reg,Tie,Male
Mastrantone,Porter,Russ,Male
Philipeaux,Sibilla,Goodge,Female
Matousek,Angelico,Iacovo,Male
Skipsea,Ruthi,Enderby,Female
Sturney,Homere,Olivo,Male
Jellard,Dinnie,Corkel,Female
Simo,Lalo,Yaldren,Male
Karchewski,Brander,Tong,Male
Kantor,Eustace,Pauls,Male
Rentoul,Broddie,Proger,Male
Cordeau],Curran,Dillistone,Male
Pfeiffer,Myles,Quarlis,Male
Raffeorty,Wendeline,Barnwill,Female
Raise,Lynea,Rickman,Female
Eversley,Graeme,Babcock,Male
Airs,Gradey,Morpeth,Male
Innocenti,Michell,Cutmare,Female
Utting,Korey,Juste,Male
Meeking,Elsworth,Grangier,Male
Escolme,Farrell,Scanlan,Male
Wrigglesworth,Brandi,Chrismas,Female
Rugieri,Court,Llewellen,Male
Kirstein,Gratia,Lorenzo,Female
Ucchino,Garv,Castaignet,Male
Kingcott,Arny,Godin,Male
Ledington,Jose,O'Donovan,Male
Antonacci,Gregorio,Corwin,Male
Gensavage,Leann,Croci,Female
Myhill,Stephani,Allmen,Female
Dinjes,Tilda,Drayton,Female
Aubri,Giffy,Zuker,Male
Headly,Ricard,Neary,Male
Fehner,Welch,Hillock,Male
Branno,Marmaduke,Corey,Male
Boxen,Fionnula,Errett,Female
D'Antuoni,Esme,Whifen,Female
Cattell,Kessia,Baal,Female
Langsbury,Dulci,Athow,Female
Glede,Reinold,Petrus,Male
Gwinnett,Gretna,Bridden,Female
Sperry,Caroljean,Worsnup,Female
Abrahmer,Renae,Ivantyev,Female
Schach,Leila,Trevain,Female
Berrygun,Devonne,Herrero,Female
Buchanan,Ana,Taye,Female
Ludmann,Sibbie,Stancliffe,Female
Cribbins,Ivett,Congrave,Female
Mizzi,Geoff,Jammes,Male
Nevett,Helenka,Kubat,Female
Luckman,Stevy,Bernini,Male
Cordova,Elsbeth,Oles,Female
Cicchelli,Clair,Selesnick,Female
Mandifield,Quill,Axton,Male
Cheers,Cloris,Chardin,Female
Sabater,Channa,Olivetta,Female
Haly,Ferne,Sineath,Female
Nilges,Valentia,Enoch,Female
D' Angelo,Pearle,Allman,Female
Sommersett,Yettie,Matantsev,Female
Beacock,Fraze,Gartside,Male
Whittleton,Jannel,Bamforth,Female
Tesauro,Mersey,Freeborn,Female
Anyene,Winnah,Sunshine,Female
Instrell,Matthaeus,Barritt,Male
Tompsett,Alvie,Axtonne,Male
Lathom,Keane,Freeberne,Male
Dulen,Janina,Orrom,Female
Douglas,Georg,Clemenzi,Male
Crew,Silvana,Marquese,Female
Froggatt,Mahmud,Lanston,Male
Glashby,Rocky,Blakebrough,Male
Vearnals,Lothario,Buggs,Male
Chick,Selestina,Coop,Female
Hadkins,Mendy,Wolfers,Male
Whytock,Neal,Albion,Male
Archer,George,Uttermare,Female
Wayne,Olympie,Eastmond,Female
Harcase,Bjorn,Pigrome,Male
Stebbings,Cathlene,Currall,Female
Cockroft,Madge,MacShirrie,Female
Branno,Max,Akrigg,Female
McColm,Basilius,Stokes,Male
Rosi,Ulla,Ten Broek,Female
Huke,Trev,Frie,Male
Barford,Jobina,Tonkes,Female
Burnup,Della,Greenham,Female
Sarsfield,Franz,Shapland,Male
Bushell,Rey,Knappe,Male
MacTrusty,Annabella,Harford,Female
Polhill,Victoria,Iowarch,Female
Halshaw,Tam,Chanson,Male
Heifer,Shayne,Prantoni,Female
Daens,Ethe,Kemmons,Male
Kits,Stearn,Dalby,Male
Chellam,Rhoda,Loughman,Female
Carnachen,Cullin,Shurmore,Male
Robshaw,Alexis,Symmons,Female
Reek,Iona,Drackford,Female
Hassent,Ashlie,Grassick,Female
Haworth,Dacey,Kightly,Female
Beveredge,Robby,Troy,Female
Lincoln,Dylan,Polleye,Male
Brame,Candide,Stuttard,Female
Coyne,Prudy,Wimes,Female
Delaney,Lion,Turpin,Male
Queyeiro,Dunn,Sample,Male
Valens-Smith,Gardiner,Seaborn,Male
Fetherstone,Denise,Pagel,Female
Ricards,Rutherford,Singleton,Male
Schonfeld,Grier,Cordall,Female
Clissold,Honor,Rodgerson,Female
Moncey,Darbee,Hullbrook,Male
Peterson,Vladamir,Renachowski,Male
Birtle,Quinlan,O'Neill,Male
Firminger,Arlina,Schouthede,Female
Jeanenet,Cesar,Capponer,Male
Cantos,Pavlov,Lincke,Male
Imore,Michal,Ewbank,Male
Laneham,Sabrina,Talks,Female
Tebbett,Harriet,Gall,Female
Kerfoot,Miguela,Hymor,Female
Waterstone,Kathrine,Williamson,Female
Ottley,Teresa,Adolfsen,Female
Ashfold,Elie,Beacock,Female
Habert,Bradan,Bycraft,Male
Hallsworth,Jeffry,Biggerstaff,Male
Wood,Marsh,Keatley,Male
Kennelly,Andriette,Kinge,Female
Cromblehome,Johnath,Donaway,Female
McIlveen,Roley,Truse,Male
Gilding,Finley,Tremayle,Male
Banasik,Corty,Keyzman,Male
Placstone,Shadow,Ruckhard,Male
Fryatt,Lucia,Mitkin,Female
Pacey,Astrid,Dunklee,Female
Parman,Davidson,Eckford,Male
Bubbings,Querida,Jenkison,Female
Lankford,Colman,Pizey,Male
Aymes,Conny,Kerkham,Female
Habbershon,Conn,Winters,Male
Vittel,Raffaello,Benedict,Male
Cuskery,Mitchel,Saffran,Male
Scates,Piotr,Rembrant,Male
Sentinella,Daryle,Imbrey,Male
Ciementini,Emilie,Franckton,Female
Fullwood,Feodor,Jinks,Male
Gillivrie,Haleigh,Matzaitis,Male
Doerr,Emmalynne,Ellicock,Female
Ricardou,Pincas,Truse,Male
Philbrick,Israel,Derx,Male
Coupar,Cyndie,Bottrell,Female
Orto,Thor,Cunnow,Male
Jarrette,Isa,Haverson,Female
Peasey,Janine,Dowey,Female
Giblett,Bernie,Chestney,Male
Slidders,Jammal,Enderle,Male
Bellsham,Salim,Corkill,Male
Puddifer,Brandais,Hurworth,Female
Showen,Alasdair,Stripling,Male
Oppy,Monte,Gallaher,Male
Rosenbloom,Angil,Cauthra,Female
Harce,Em,Asif,Male
Hattrick,Eleanora,Sawer,Female
Assandri,Obadias,Sleeford,Male
McLarty,Ritchie,Meeron,Male
Laven,Konstanze,Simcoe,Female
Aherne,Chucho,Egre,Male
Blackader,Antoinette,Moylan,Female
Mancell,Suzy,Dall,Female
Tortoishell,Kelsy,Rushby,Female
Kohrs,Saxe,Philipot,Male
Ragless,Joel,Foxon,Male
Scrivin,Stuart,Jaimez,Male
Gullen,Marje,Worley,Female
Swindells,Marshal,Gabriely,Male
Kinastan,Flss,Szreter,Female
Klasing,Tris,Gauche,Male
Draper,Corrianne,Hallows,Female
Mariel,Stanwood,Cullivan,Male
Mallabon,Valene,Figge,Female
Molfino,Conny,Bridges,Male
Stollery,Say,Castagnone,Male
Doolan,Sinclare,Syalvester,Male
Rollett,Lindie,Boutwell,Female
Billitteri,Darb,Danet,Female
Bault,Ruthi,Kosel,Female
Novik,Sherye,Simonich,Female
Lusgdin,Javier,Mateiko,Male
Jouanny,Clayton,Doohan,Male
Lumbley,Gwenny,De Stoop,Female
Lawfull,Gaspar,Forge,Male
Kennicott,Yves,Critchlow,Male
Breston,Elihu,Megarrell,Male
Condict,Osbourn,Rosen,Male
Crate,Kaja,Farmiloe,Female
Gaule,Anette,Summerlee,Female
Couttes,Alfy,Markie,Male
Lemanu,Rayna,Fraschetti,Female
Do Rosario,Homerus,Renouf,Male
Donegan,Nevins,Gittus,Male
Gregson,Garold,Auton,Male
Cowndley,Kaine,MacCauley,Male
Craigie,Guntar,Kingsland,Male
Emmins,Carmine,Ickovicz,Male
Gentery,Paule,Jirka,Female
Dabbs,Marla,Larmour,Female
Ethelston,Jonathan,Ivanenko,Male
Durrance,Jeromy,Mozzetti,Male
Dalli,Glennis,Gunny,Female
Cadwell,Tyrone,Atteridge,Male
Dines,Dalis,Beards,Male
Egiloff,Benito,Sallows,Male
Grattan,Sim,Woolfall,Male
Stirton,Sarine,Begent,Female
Rubinov,Ellissa,Adenet,Female
Oag,Dori,Marrian,Female
Coleyshaw,Wiley,Hember,Male
Hedworth,Bran,Coch,Male
Plampin,Sanders,Gludor,Male
Meacher,Renaud,O'Crotty,Male
Petters,Lotti,Coupman,Female
Drennan,Florence,Dewing,Female
Graundisson,Zelig,Ferrolli,Male
Simmons,Ogdan,McCuish,Male
Strode,Minnaminnie,Sigmund,Female
Beasley,Bobby,Sketcher,Male
Fairburne,Herman,Oleszczak,Male
Hyslop,Marietta,Lundon,Male
Aluard,Goldie,Kabos,Female
Aherne,Sansone,Kinahan,Male
Foxcroft,Daffi,Loads,Female
Carrett,Kristal,Cassely,Female
Cabrer,Sindee,Libero,Female
Dyka,Giorgio,Adamovich,Male
Chamney,Alasteir,Murrie,Male
Jowsey,Victoria,Poultney,Female
Colly,Lolita,Streatley,Female
Gammel,Alexandro,Dumbrall,Male
Dimbleby,Gaelan,Dymond,Male
O'Doireidh,Aurea,Ivushkin,Female
Baldung,Marietta,Pluthero,Female
Gimblett,Raynor,Fenning,Male
Clemensen,Catina,De Castri,Female
Dolbey,Tine,Coppock.,Female
Wistance,Prudi,Convery,Female
O'Hearn,August,Gogie,Male
Spaxman,Caria,Dulson,Female
Kimmitt,Ally,Saltmarsh,Female
Portal,Hobie,Ephson,Male
Sprionghall,Albrecht,Limpertz,Male
Holcroft,Leona,Cella,Female
Bantham,Thedrick,Curless,Male
Workes,Teodoro,Kensington,Male
Conerding,Mariquilla,Bevington,Female
Pepon,Clem,Hamilton,Female
Kubyszek,Yorgos,Stoop,Male
Allard,Frasco,Bonafacino,Male
Bolsover,Philipa,Frudd,Female
Flips,Sally,Harryman,Female
Beckett,Lyndy,Ironside,Female
Fatscher,Joelly,Crawley,Female
Thistleton,Giulio,Crooke,Male
Barnet,Carlie,Elam,Male
Bradfield,Norrie,Goade,Female
Spadelli,Konrad,Spritt,Male
Preece,Mohandas,Brandone,Male
Padginton,Chilton,Anster,Male
Budgeon,Ase,Zahor,Male
Mylechreest,Willetta,Higgen,Female
Elmhirst,Dael,Worster,Female
Springett,Inglis,Bradwell,Male
Paoletti,Elna,Mabbett,Female
Meyer,Dinny,Eicke,Female
Burchett,Briant,Robertucci,Male
Otley,Morgan,Roe,Male
Baty,Temp,Pasterfield,Male
Bimson,Latrina,Cunrado,Female
Crolly,Carey,Racine,Male
Annon,Merwin,Spaducci,Male
Gillon,Gaultiero,Oen,Male
Birch,Blane,Coenraets,Male
O'Cannovane,Jammal,Mannock,Male
Siggee,Sarge,Jirik,Male
Vernalls,Krisha,Fleg,Male
Wackley,Julius,Ingley,Male
Haveline,Lucho,Stanyon,Male
Tailby,Vern,Lissemore,Male
Rosengarten,Josephine,Hancorn,Female
Alexandre,Wiley,Flanagan,Male
Pyer,Carmel,Perry,Female
Skayman,Xever,Lidden,Male
Calvard,Queenie,Themann,Female
Zannotelli,Yolanda,Gowers,Female
Krolik,Aharon,Guisot,Male
McMarquis,Harriot,Binestead,Female
Wort,Flemming,Kennady,Male
Yuranovev,Channa,Caves,Female
Timms,Jeanie,Lasslett,Female
Ternouth,Glory,Adrienne,Female
Leirmonth,Lillis,Cowl,Female
Pyper,Alfons,Farrans,Male
Batalini,Buddy,Warboy,Male
Caress,Rubin,Rimes,Male
Cluitt,Ros,Gooderidge,Female
Badland,Marlowe,Antonik,Male
Bruck,Hailey,Gieves,Male
Buye,Sonny,Hammill,Female
Joplin,Chad,Dowry,Female
Guillotin,Paulo,Brashaw,Male
Caddens,Aymer,Clitherow,Male
Rouzet,Leonid,Schimaschke,Male
Skunes,Brewster,Dicks,Male
De Dei,Penrod,McCrisken,Male
Dowyer,Lianna,Albers,Female
Weall,Boigie,Fosdyke,Male
Dellenbrok,Rudyard,Newcom,Male
Semered,Marcelline,Tupp,Female
De Biasio,Morris,Kepp,Male
Waterstone,Elvyn,Archard,Male
Heyward,Mic,Bernhart,Male
Giacobbo,Rosalia,Stefi,Female
Kubek,Adena,Morstatt,Female
Sparshatt,Fianna,Oxtiby,Female
Innett,Gertrude,Salerg,Female
Surguine,Odelle,Fantin,Female
Murra,Ivar,Shankster,Male
Syversen,Aretha,Seagar,Female
Overshott,Randie,Abrahams,Male
Niezen,Carilyn,Comino,Female
Schimaschke,Eudora,Abernethy,Female
Renihan,Orran,Bussy,Male
Nind,Rossy,Toupe,Male
O'Heyne,Emalia,Quig,Female
Shenfish,Nannie,Blackah,Female
Worsnip,Gwenny,Horlock,Female
Wanklin,Felic,Brakespear,Male
Exelby,Arnold,Loidl,Male
Columbine,Tessi,Cleal,Female
Spittle,Bonnibelle,Edgerly,Female
Sprouls,Margy,Farndale,Female
Sandars,Rouvin,Claibourn,Male
Rasor,Laurianne,Matthewes,Female
Baggelley,Marsha,Firbanks,Female
Casper,Emilee,Baleine,Female
Andreotti,Cliff,Rundle,Male
Yurenev,Alia,McCart,Female
Ffrench,Kaspar,Zima,Male
Corkitt,Lionel,Eshmade,Male
Bellee,Alexina,Thorpe,Female
Tassaker,Skylar,Gronou,Male
Jancey,Gunther,Hearty,Male
Jacquemard,Gregory,Mauser,Male
Humbert,Midge,Luckcuck,Female
Aggas,Hillery,Joicey,Male
Lapre,Vladimir,McVitty,Male
Hawthorn,Penelopa,Rykert,Female
Tolchard,Kienan,Bruck,Male
Bautiste,Kassandra,Ebbing,Female
Antonoyev,Harbert,Otto,Male
Turone,Harriott,Bicker,Female
Niessen,Junette,Kenn,Female
Trawin,Elyssa,Langstrath,Female
Norvill,Verney,Ralling,Male
Virr,Perla,Boundey,Female
Fewell,Rianon,Sokell,Female
McDougle,Lowell,Edgley,Male
Hyndley,Auguste,Grief,Female
Antoons,Alain,Stidever,Male
Bowkett,Yolande,Sawley,Female
Blunsen,Jephthah,McAlpin,Male
Onion,Skipp,Forcer,Male
Clemerson,Nonnah,Boyington,Female
Kilgrew,Raviv,Radford,Male
Scaysbrook,Ines,Seabrooke,Female
Pero,Graehme,Canning,Male
Espinazo,Alistair,Fishbourn,Male
Cromie,Wilbur,Strutz,Male
Cawston,Birgit,Barmby,Female
Vickerman,Bunni,McGhee,Female
Caze,Joli,Wake,Female
Wehner,Tonye,Kupka,Female
Timbridge,Cecilla,Jovey,Female
Billyard,Charline,Brockbank,Female
Lammertz,Averyl,Pendrick,Female
Durdy,Averell,Itzhayek,Male
Linny,Abagael,Wilprecht,Female
Tenman,Cris,Oldred,Male
Dibsdale,Angelina,Moreton,Female
Inkpen,Gusty,Breese,Female
Grievson,Margette,How to preserve,Female
Wakes,Bradley,Biernat,Male
Donati,Rafe,Landsbury,Male
Vearncombe,Bryon,Ortas,Male
Landsman,Chandal,Bodiam,Female
Gasticke,Samuele,Welfare,Male
Guyonneau,Ella,Folshom,Female
Fleischer,Benedicta,McOwan,Female
Hubeaux,Bryn,Griffiths,Male
Beldam,King,Basile,Male
McCleod,Sibeal,Rivallant,Female
Kleszinski,Wally,Lorenz,Female
Di Lucia,Yvon,Vinecombe,Male
Spilisy,Flory,Sullivan,Male
Blackboro,Agneta,Crichton,Female
Peckett,Chancey,Scamerden,Male
Addionisio,Lela,Carlick,Female
Linstead,Barbabas,Hubbold,Male
Beechcraft,Gaston,Glinde,Male
Huntress,Eamon,Syce,Male
Boak,Bonni,Trowle,Female
Cant,Bernard,Trusty,Male
Fawltey,Sherrie,Vearncomb,Female
Duding,Benny,Sutworth,Male
Philipsson,Haskell,Pladen,Male
Erni,Chariot,Bouller,Male
Ruler,Dov,Midgley,Male
Ragborne,Celle,McEwan,Female
Pikhno,Daron,Gors,Female
Harbisher,Moss,Menichi,Male
Comford,Corbett,Muldoon,Male
Janouch,Rudiger,Riolfo,Male
Marchand,Perle,McIlvaney,Female
Coverdale,Woodrow,Kinnane,Male
Kopacek,Myrtie,Ankers,Female
Cawdell,Winn,Feye,Male
Crosoer,Maurise,McIlwraith,Female
Assinder,Annabella,O'Hagan,Female
Jonin,Dorthea,Ammer,Female
Tunmore,Niven,Domico,Male
Breckell,Shell,Canedo,Male
Byrkmyr,Sharia,Endle,Female
Flewett,Bret,Mulvagh,Male
Bakes,Paddy,Brandsma,Male
Brecknall,Wolfie,Tolman,Male
Galbraeth,Katrina,Pinching,Female
Klaaassen,Royal,Ekless,Male
Martel,Seward,Sainteau,Male
Kondratenko,Almire,Orry,Female
Gobbett,Hermione,O' Finan,Female
Rooze,Row,Cuningham,Female
Solomonides,Garfield,Beardow,Male
Plastow,Mahmoud,Bellow,Male
De Benedictis,Wren,Jozwik,Female
Stadding,Roddy,Ferrai,Male
Breheny,Ansel,Bennallck,Male
Kiellor,Jorey,Brenard,Female
Reinbech,Zacharie,Sorbey,Male
Sweetland,Carlyle,Boothebie,Male
Wager,Amerigo,Saint,Male
Cargenven,Jacobo,Huffer,Male
Pantecost,Elora,Willox,Female
Barwack,Edie,Farden,Female
Winstone,Bronson,Braunston,Male
Kellett,Anatollo,Rutland,Male
Wellfare,Donny,Croxford,Male
Cardno,Katharyn,Thominga,Female
Manske,Bertie,Hercules,Female
Boylan,Zollie,Hasslocher,Male
Kleinert,Cherilynn,Timewell,Female
Goodson,Elinore,Whetnell,Female
Hetterich,Perri,Seagood,Female
Dockwray,Thornton,Ricold,Male
Solesbury,Dottie,Kliemke,Female
Peak,Edan,Gummie,Male
Franzini,Rosie,Capel,Female
Camilleri,Hussein,Enbury,Male
Brandolini,Rivkah,Molines,Female
Conigsby,Harold,Roblett,Male
Beckson,Merill,Eyden,Male
Paszak,Buck,Benech,Male
Priver,Felicdad,Benham,Female
Frarey,Shelli,Laidlow,Female
MacArte,Richy,Cushion,Male
Densie,Shelba,Carass,Female
Dochon,Jennifer,Boldison,Female
Pfaff,Lowrance,Dillingham,Male
Vannuccinii,Flynn,Fray,Male
Eskell,Dare,Tetford,Male
Christofle,Penrod,Sweetland,Male
Revey,Lewiss,Hunday,Male
Milleton,Elayne,Kitchenside,Female
Sima,Daile,Wratten,Female
Esposita,Robbin,Lemonby,Female
Ruggs,Nealon,Hanselman,Male
McNirlan,Fernandina,Cull,Female
Philbin,Enriqueta,Giraux,Female
Pochin,Dominic,Munt,Male
Paskell,Tanney,Larroway,Male
Billington,Durand,Annes,Male
Foulsham,Fremont,Miliffe,Male
Tremathick,Rossy,Ordish,Male
Allward,Ody,Laker,Male
Goodright,Reiko,Itzcovich,Female
Kinnett,Fanny,Jepensen,Female
Chupin,Bondy,McTeer,Male
Dodman,Antony,Labrum,Male
Lowrie,Ermina,Bamlett,Female
Colleton,Shelbi,Blonden,Female
Rayson,Jared,Fearnyhough,Male
Dugall,Kaspar,Wandrach,Male
Scimoni,Marji,Giurio,Female
Rehme,Briggs,Dufer,Male
Trott,Maggie,Nyles,Female
Lemasney,Erinn,Reinert,Female
Hallworth,Philly,Matejovsky,Female
Horsewood,Byrle,Patek,Male
Sowten,Olvan,Saltmarsh,Male
O'Duilleain,Layton,Saveall,Male
Rupert,Aeriela,Heckney,Female
Jauncey,Howie,Bardwall,Male
Vedeniktov,Kimberli,Popplestone,Female
Lowrance,Chrotoem,Hothersall,Male
Quinnette,Ced,Denisovich,Male
Clemanceau,Dominga,Sparkwell,Female
Jesper,Darin,Kunert,Male
Aronov,Hale,Gerard,Male
Creamer,Evita,Grendon,Female
Stack,Eleonora,Exroll,Female
Gargett,Shoshana,Leckenby,Female
Heather,Raye,Matelaitis,Female
Posnette,Jourdan,Ferfulle,Female
Truwert,Carmine,Pinching,Female
Franciotti,Eada,Rosenfelder,Female
Griffen,Delcine,Josipovitz,Female
Vales,Miguel,Fogt,Male
Gillow,Hanan,Ianni,Male
Eich,Gunar,Westbrook,Male
Claypoole,Caralie,Galpen,Female
Steffans,Inna,Henstone,Female
Snaden,Lori,Caso,Female
Morse,Caria,Legerwood,Female
Slee,Toma,Bruntjen,Female
Vaune,Josepha,Mattioli,Female
Titterington,Eldon,Perott,Male
Watts,Reina,Moule,Female
Tremayle,Alley,Avrasin,Male
Ridgewell,Thedrick,Mailey,Male
Canceller,Raynell,Prestner,Female
McGinnell,Gerry,Monini,Female
Ormonde,Adelaida,Rubrow,Female
Southern,Flint,Woltman,Male
Rowbotham,Berkie,Sebrook,Male
Hulse,Randy,Hannaby,Male
Paynter,Letizia,Huetson,Female
Yurchishin,Karel,Worsnip,Male
Mouan,Klarrisa,Belsey,Female
Sowman,Armstrong,Orgill,Male
Dominico,Lila,Ethridge,Female
Bellingham,Tedda,Miche,Female
Donalson,Farleigh,Cruise,Male
Fragino,Kile,Brimham,Male
Chesser,Demetris,Guerrin,Male
Mulcock,Findlay,Copes,Male
Spurrett,Humberto,Dupoy,Male
Tollemache,Alie,Birdwistle,Female
Extence,Rosemaria,Cisland,Female
Warrack,Perla,Furby,Female
MacCorkell,Brett,Picknett,Male
Ilyasov,Verna,Graalmans,Female
Rostern,Wilbert,Willsmore,Male
McEttigen,Domeniga,Theze,Female
Edsall,Elwin,Filov,Male
Gallamore,Gaile,Burburough,Male
Sommers,Danie,Borg,Male
Gerrell,Marlowe,Kroon,Male
Outibridge,Sukey,Erskine Sandys,Female
Louden,Tully,Davidescu,Male
Stitt,Ingaberg,Thorndycraft,Female
Yukhin,Leonerd,Bothie,Male
Tardiff,Ruy,Wolfenden,Male
Arrell,Idalina,Olivetta,Female
Delle,Gibb,Sidsaff,Male
Brookfield,Laurene,Quilty,Female
Finlason,Yale,Sheards,Male
Hacun,Israel,Dureden,Male
Collidge,Olenolin,Ferroli,Male
Maudson,Rivy,Defont,Female
Lemmertz,Ingelbert,Lace,Male
Woodward,Darsey,Proffer,Female
Pach,Thorstein,Videneev,Male
Flewin,Franklin,Plitz,Male
Boatwright,Neile,Dorin,Female
Eatock,Kaleena,Rishbrook,Female
Ladlow,Alexio,Wein,Male
Girone,Kai,Giller,Female
Migheli,Gianna,McGiven,Female
Skeldon,Edik,Rolston,Male
O'Kennavain,Davide,Cuthill,Male
Bolmann,Arel,Caddan,Male
Bather,Toiboid,Kemmis,Male
O'Neary,Bambi,Bascomb,Female
Felmingham,Bart,Denerley,Male
Pittendreigh,Michael,Burgwin,Male
Perse,Leesa,Minihan,Female
Belshaw,Morey,Stallan,Male
Rickeard,Charita,Ironmonger,Female
Pitherick,Sherline,Brewett,Female
Jerram,Kristine,Blampy,Female
Showt,Cordy,Gilli,Male
Durward,Cthrine,Covotti,Female
Mann,Silvain,Maddick,Male
Whapham,Carlin,Minchindon,Female
Fitzroy,Nickolai,Burges,Male
Wickenden,Milton,Fairnie,Male
Lamble,Gordon,Janew,Male
Cluatt,Leopold,Husby,Male
Badland,Brendin,Crassweller,Male
Wellard,Hilarius,Cassam,Male
Nosworthy,Betsey,Grisenthwaite,Female
Payley,Doll,Fazan,Female
Fettis,Tobi,Klaassens,Female
Mockett,Debi,Belcher,Female
Tolomelli,Robbie,Paal,Female
Lang,Vicki,Lockhead,Female
Clist,Armin,Durrand,Male
Steaning,Benedicta,Rozec,Female
Versey,Cahra,Kealey,Female
Karlmann,Cull,Gilardi,Male
Obell,Maurise,Frankel,Male
Cumine,Vergil,McJerrow,Male
Misken,Gates,Kiellor,Female
Pendergast,Renault,Speak,Male
Jojic,Gav,Dunckley,Male
Curmi,Niall,Gravenor,Male
Ferie,Ingelbert,Slowan,Male
Bittlestone,Cole,MacDougal,Male
Rendle,Mollie,McRuvie,Female
Domerc,Alister,Cruddace,Male
Van't Hoff,Ailsun,Lambol,Female
Andreaccio,Sibilla,Borgnet,Female
Havock,Iggie,Boynes,Male
Presland,Dorothee,Bullivant,Female
Pontin,Germain,Toxell,Male
Kittless,Inness,Longmaid,Male
Robak,Vita,Pimlock,Female
MacGuffog,Pooh,Ellwood,Male
McCreagh,Mikael,Linck,Male
Gledstane,Lynda,Lidgley,Female
Winthrop,Gabby,Benedict,Male
MacCathay,Brittan,Willmott,Female
Yter,Ardra,O'Loinn,Female
Tolland,Wittie,Narramor,Male
Jedrachowicz,Marna,Morena,Female
Mullins,Giavani,Barbera,Male
Ellaway,Ricard,Kubasek,Male
Gilson,Tasha,Quaif,Female
Megany,Gregory,Woffenden,Male
Judson,Saidee,Schoales,Female
Beiderbecke,Mercy,Scranney,Female
Cinelli,Wyndham,Buzzing,Male
Morena,Denny,Pechet,Female
Lamden,Lauree,Whifen,Female
Innis,Caritta,Roiz,Female
Kydde,Reginald,Bishell,Male
Gwinn,Frederigo,Moffet,Male
Diviny,Nealson,MacSwayde,Male
Stickley,Ferrel,Harrison,Male
Fern,Riane,Cavee,Female
Croose,Sacha,Westby,Female
Joe,Aline,Thor,Female
Dorsett,Nissy,Peeter,Female
Garza,Myrilla,Deme,Female
Steenson,Kaleb,Cargenven,Male
Liles,Park,Rendall,Male
Baitey,Kahlil,Skittrell,Male
Urien,Ingunna,Renac,Female
Harmer,Emily,Filppetti,Female
Wallwood,Stu,Mangion,Male
Dugald,Amargo,Tregidgo,Female
Pimmocke,Ronda,Giraudou,Female
Deeks,Philippine,Meddings,Female
Wescott,Graig,Cassley,Male
Powley,Ruperto,Westnedge,Male
Snazel,Clerc,Dixson,Male
Rockwell,Aida,Delong,Female
McPake,Casandra,Felder,Female
Kime,Delores,Banke,Female
Leveridge,Concettina,Summersett,Female
Piser,Donnie,O'Lenane,Male
Grafton-Herbert,Ginger,Dorkens,Female
Ausiello,Shayla,Mathelin,Female
Strettell,Mario,Sarll,Male
holmes,Dionisio,Sweetnam,Male
Howsan,Aili,Kerman,Female
Kopta,Aymer,Bernardo,Male
Kingaby,Izabel,Penton,Female
Tipperton,Kristian,Ksandra,Male
Bogie,Ross,Keppel,Male
Abbys,Reinold,Postin,Male
Baker,Sander,Kendal,Male
MacKill,Diana,Rounsefell,Female
Campes,Loy,Lunck,Male
Dellenbrok,Gelya,Morpeth,Female
Jeandet,Eolanda,Ballentime,Female
Blamey,Corie,Alexander,Female
Sauvain,Rhea,Uebel,Female
Karpets,Jermain,Jakab,Male
Mussetti,Lexy,Smelley,Female
Oxberry,Moe,Ianno,Male
Dawtre,Marie-jeanne,Ditchfield,Female
Chatelet,Markos,Ambridge,Male
Detheridge,Laetitia,Wardhaw,Female
Leak,Fawnia,Layborn,Female
Fann,Terrie,Mocher,Female
Cursey,Robbi,Money,Female
McDermott,Pablo,Lawerence,Male
Douche,Ava,Sponder,Female
Josse,Tobey,Normandale,Female
Sails,Rosabel,Dark,Female
Landes,Natalie,Isac,Female
Woollcott,Maxwell,Petrosian,Male
Caston,Winslow,Nuzzti,Male
Petrishchev,Maxwell,Govenlock,Male
Mordon,Kaitlyn,Garriock,Female
Kuna,Lawrence,Frankling,Male
McGoon,Wynnie,Anderl,Female
Shufflebotham,Vita,Goodliffe,Female
Kinglake,Cully,Crummy,Male
Romaines,Liza,Sanchis,Female
Joska,Jennilee,Spadollini,Female
Woonton,Bowie,Ellams,Male
Charkham,Marysa,Mathewson,Female
Blazy,Meredeth,Huster,Male
Royse,Magdalen,Whebell,Female
Andri,Luci,McBeth,Female
Gutsell,Gardener,Preddle,Male
Blaby,Robbin,Pagen,Female
Ivell,Dorise,Noonan,Female
Pleasaunce,Boniface,Zammitt,Male
Lanphere,Daron,Spight,Male
Glowach,Annice,Dunsmuir,Female
Baldini,Muhammad,Chilcott,Male
Pagin,Tabby,Jentet,Male
Jakubczyk,Phylis,Sneesbie,Female
Stookes,Madelaine,Hulls,Female
Astill,Mari,Heppner,Female
Isgate,Maryann,Cruickshanks,Female
Attril,Odo,Stoven,Male
Cathel,Giacopo,Sarson,Male
Granger,Sianna,Dingivan,Female
Saynor,Annabella,Constantine,Female
Morefield,Nicholle,Moralas,Female
Stote,Maximilien,Smithend,Male
Bosden,Ax,Girardi,Male
Gaine,Vilhelmina,Edsall,Female
Folke,Nadiya,Knight,Female
Vizcarra,Gericho Miles,Benitez,Male
